Date,Close,High,Low,Open,Volume
,BTC-USD,BTC-USD,BTC-USD,BTC-USD,BTC-USD
23-11-2023,37289.62109,37643.91797,36923.86328,37420.43359,14214948217
24-11-2023,37720.28125,38415.33984,37261.60547,37296.31641,22922957823
25-11-2023,37796.79297,37892.42969,37617.41797,37721.41406,9099571165
26-11-2023,37479.12109,37820.30078,37162.75,37796.82813,13744796068
27-11-2023,37254.16797,37559.35547,36750.12891,37454.19141,19002925720
28-11-2023,37831.08594,38368.48047,36891.08984,37247.99219,21696137014
29-11-2023,37858.49219,38366.11328,37612.63281,37826.10547,20728546658
30-11-2023,37712.74609,38141.75391,37531.14063,37861.11719,18115982627
01-12-2023,38688.75,38954.10938,37629.35938,37718.00781,23512784002
02-12-2023,39476.33203,39678.9375,38652.59375,38689.27734,15534035612
03-12-2023,39978.39063,40135.60547,39298.16406,39472.20703,15769696322
04-12-2023,41980.09766,42371.75,39978.62891,39978.62891,39856129827
05-12-2023,44080.64844,44408.66406,41421.14844,41986.26563,36312154535
06-12-2023,43746.44531,44265.76953,43478.08203,44080.02344,29909761586
07-12-2023,43292.66406,44042.58984,42880.64844,43769.13281,27635760671
08-12-2023,44166.60156,44705.51563,43125.29688,43293.13672,24421116687
09-12-2023,43725.98438,44361.25781,43627.59766,44180.01953,17368210171
10-12-2023,43779.69922,44034.625,43593.28516,43728.38281,13000481418
11-12-2023,41243.83203,43808.375,40234.57813,43792.01953,40632672038
12-12-2023,41450.22266,42048.30469,40667.5625,41238.73438,24779520132
13-12-2023,42890.74219,43429.78125,40676.86719,41468.46484,26797884674
14-12-2023,43023.97266,43390.85938,41767.08984,42884.26172,25578530178
15-12-2023,41929.75781,43087.82422,41692.96875,43028.25,19639442462
16-12-2023,42240.11719,42664.94531,41723.11328,41937.74219,14386729590
17-12-2023,41364.66406,42359.49609,41274.54297,42236.10938,16678702876
18-12-2023,42623.53906,42720.29688,40530.25781,41348.20313,25224642008
19-12-2023,42270.52734,43354.29688,41826.33594,42641.51172,23171001281
20-12-2023,43652.25,44275.58594,42223.81641,42261.30078,27868908174
21-12-2023,43869.15234,44240.66797,43330.05078,43648.125,22452766169
22-12-2023,43997.90234,44367.95703,43441.96875,43868.98828,21028503216
23-12-2023,43739.54297,44015.69922,43351.35547,44012.19922,13507796558
24-12-2023,43016.11719,43945.52344,42786.91797,43728.36719,18830554085
25-12-2023,43613.14063,43765.09375,42765.76953,43010.57422,21115795370
26-12-2023,42520.40234,43603.17578,41676.48828,43599.84766,30026850982
27-12-2023,43442.85547,43683.16016,42167.58203,42518.46875,25260941032
28-12-2023,42627.85547,43804.78125,42318.55078,43468.19922,22992093014
29-12-2023,42099.40234,43124.32422,41424.0625,42614.64453,26000021055
30-12-2023,42156.90234,42584.125,41556.22656,42091.75391,16013925945
31-12-2023,42265.1875,42860.9375,41998.25391,42152.09766,16397498810
01-01-2024,44167.33203,44175.4375,42214.97656,42280.23438,18426978443
02-01-2024,44957.96875,45899.70703,44176.94922,44187.14063,39335274536
03-01-2024,42848.17578,45503.24219,40813.53516,44961.60156,46342323118
04-01-2024,44179.92188,44770.02344,42675.17578,42855.81641,30448091210
05-01-2024,44162.69141,44353.28516,42784.71875,44192.98047,32336029347
06-01-2024,43989.19531,44227.63281,43475.15625,44178.95313,16092503468
07-01-2024,43943.09766,44495.57031,43662.23047,43998.46484,19330573863
08-01-2024,46970.50391,47218,43244.08203,43948.70703,42746192015
09-01-2024,46139.73047,47893.69922,45244.71484,46987.64063,39821290992
10-01-2024,46627.77734,47647.22266,44483.15234,46121.53906,50114613298
11-01-2024,46368.58594,48969.37109,45678.64453,46656.07422,45833734549
12-01-2024,42853.16797,46498.13672,41903.76953,46354.79297,43332698900
13-01-2024,42842.38281,43234.66016,42464.14453,42799.44531,20601860469
14-01-2024,41796.26953,43065.59766,41724.61328,42842.26172,17521429522
15-01-2024,42511.96875,43319.72266,41705.41797,41715.06641,22320220558
16-01-2024,43154.94531,43566.27344,42085.99609,42499.33594,24062872740
17-01-2024,42742.65234,43189.89063,42189.30859,43132.10156,20851232595
18-01-2024,41262.05859,42876.34766,40631.17188,42742.3125,25218357242
19-01-2024,41618.40625,42134.16016,40297.45703,41278.46094,25752407154
20-01-2024,41665.58594,41877.89453,41446.82422,41624.58984,11586690904
21-01-2024,41545.78516,41855.36719,41497.00781,41671.48828,9344043642
22-01-2024,39507.36719,41651.20703,39450.11719,41553.65234,31338708143
23-01-2024,39845.55078,40127.35156,38521.89453,39518.71484,29244553045
24-01-2024,40077.07422,40483.78516,39508.79688,39877.59375,22359526178
25-01-2024,39933.80859,40254.48047,39545.66406,40075.55078,18491782013
26-01-2024,41816.87109,42209.38672,39825.69141,39936.81641,25598119893
27-01-2024,42120.05469,42195.63281,41431.28125,41815.625,11422941934
28-01-2024,42035.59375,42797.17578,41696.91016,42126.125,16858971687
29-01-2024,43288.24609,43305.86719,41818.33203,42030.91406,20668476578
30-01-2024,42952.60938,43838.94531,42711.37109,43300.22656,23842814518
31-01-2024,42582.60547,43717.40625,42298.94531,42946.25,24673628793
01-02-2024,43075.77344,43243.16797,41879.19141,42569.76172,21423953779
02-02-2024,43185.85938,43422.48828,42584.33594,43077.64063,18603843039
03-02-2024,42992.25,43359.94141,42890.80859,43184.96484,11169245236
04-02-2024,42583.58203,43097.64453,42374.83203,42994.94141,14802225490
05-02-2024,42658.66797,43494.25,42264.81641,42577.62109,18715487317
06-02-2024,43084.67188,43344.14844,42529.01953,42657.39063,16798476726
07-02-2024,44318.22266,44341.94922,42775.95703,43090.01953,21126587775
08-02-2024,45301.56641,45575.83984,44332.125,44332.125,26154524080
09-02-2024,47147.19922,48152.49609,45260.82422,45297.38281,39316770844
10-02-2024,47771.27734,48146.17188,46905.32031,47153.52734,16398681570
11-02-2024,48293.91797,48535.9375,47617.40625,47768.96875,19315867136
12-02-2024,49958.22266,50280.47656,47745.76172,48296.38672,34511985805
13-02-2024,49742.44141,50358.39063,48406.49609,49941.35938,35593051468
14-02-2024,51826.69531,52021.37109,49296.83203,49733.44531,39105608050
15-02-2024,51938.55469,52820.06641,51371.62891,51836.78516,38564360533
16-02-2024,52160.20313,52537.96875,51641.36719,51937.72656,28180567298
17-02-2024,51662.99609,52191.91406,50669.66797,52161.67578,20009091006
18-02-2024,52122.54688,52356.96484,51233.70703,51661.96875,17595377311
19-02-2024,51779.14453,52483.32422,51711.82031,52134.8125,21362184346
20-02-2024,52284.875,52945.05078,50792.3125,51777.72656,33353758256
21-02-2024,51839.17969,52368.81641,50671.75781,52273.53516,28624907020
22-02-2024,51304.97266,52009.61328,50926.29297,51854.64453,25413900611
23-02-2024,50731.94922,51497.93359,50561.77734,51283.90625,21427078270
24-02-2024,51571.10156,51684.19531,50585.44531,50736.37109,15174077879
25-02-2024,51733.23828,51950.02734,51306.17188,51565.21484,15413239245
26-02-2024,54522.40234,54938.17578,50931.03125,51730.53906,34074411896
27-02-2024,57085.37109,57537.83984,54484.19922,54519.36328,49756832031
28-02-2024,62504.78906,63913.13281,56738.42578,57071.09766,83239156760
29-02-2024,61198.38281,63585.64453,60498.73047,62499.18359,65496611844
01-03-2024,62440.63281,63155.10156,60802.52734,61168.0625,40186368423
02-03-2024,62029.84766,62458.69922,61657.28906,62431.65234,23888473685
03-03-2024,63167.37109,63230.21094,61435.02344,62031.57813,26253811450
04-03-2024,68330.41406,68537.03125,62386.51953,63137.00391,70670471105
05-03-2024,63801.19922,69170.625,59323.91016,68341.05469,1.02803E+11
06-03-2024,66106.80469,67637.92969,62848.67188,63776.05078,68750229073
07-03-2024,66925.48438,68029.92188,65655.53125,66099.74219,46989543159
08-03-2024,68300.09375,70083.05469,66230.45313,66938.09375,59202881172
09-03-2024,68498.88281,68673.05469,68053.125,68299.25781,21609650379
10-03-2024,69019.78906,70005.20313,68239.97656,68500.25781,35683977532
11-03-2024,72123.90625,72850.71094,67194.88281,69020.54688,65716656765
12-03-2024,71481.28906,72825.65625,68728.85156,72125.125,62554434520
13-03-2024,73083.5,73637.47656,71334.09375,71482.11719,48212536929
14-03-2024,71396.59375,73750.07031,68563.02344,73079.375,59594605698
15-03-2024,69403.77344,72357.13281,65630.69531,71387.875,78320453976
16-03-2024,65315.11719,70046.27344,64801.39453,69392.48438,46842198371
17-03-2024,68390.625,68845.71875,64545.31641,65316.34375,44716864318
18-03-2024,67548.59375,68897.13281,66594.22656,68371.30469,49261579492
19-03-2024,61912.77344,68106.92969,61536.17969,67556.13281,74215844794
20-03-2024,67913.67188,68115.25781,60807.78516,61930.15625,66792634382
21-03-2024,65491.39063,68199.99219,64580.91797,67911.58594,44480350565
22-03-2024,63778.76172,66623.75,62355.37109,65489.92969,41401116964
23-03-2024,64062.20313,65976.39844,63038.49219,63802.72266,24738964812
24-03-2024,67234.17188,67622.75781,63825.85156,64070.75391,27206630673
25-03-2024,69958.8125,71162.59375,66414.83594,67234.09375,42700139523
26-03-2024,69987.83594,71535.74219,69335.60938,69931.32813,36010437368
27-03-2024,69455.34375,71727.6875,68381.92969,69991.89844,40827113309
28-03-2024,70744.95313,71546.02344,68895.50781,69452.77344,34374900617
29-03-2024,69892.82813,70913.09375,69076.65625,70744.79688,25230851763
30-03-2024,69645.30469,70355.49219,69601.0625,69893.44531,17130241883
31-03-2024,71333.64844,71377.78125,69624.86719,69647.78125,20050941373
01-04-2024,69702.14844,71342.09375,68110.69531,71333.48438,34873527352
02-04-2024,65446.97266,69708.38281,64586.59375,69705.02344,50705240709
03-04-2024,65980.8125,66914.32031,64559.89844,65446.67188,34488018367
04-04-2024,68508.84375,69291.25781,65113.79688,65975.69531,34439527442
05-04-2024,67837.64063,68725.75781,66011.47656,68515.75781,33748230056
06-04-2024,68896.10938,69629.60156,67491.71875,67840.57031,19967785809
07-04-2024,69362.55469,70284.42969,68851.63281,68897.10938,21204930369
08-04-2024,71631.35938,72715.35938,69064.24219,69362.55469,37261432669
09-04-2024,69139.01563,71742.50781,68212.92188,71632.5,36426900409
10-04-2024,70587.88281,71093.42969,67503.5625,69140.24219,38318601774
11-04-2024,70060.60938,71256.23438,69571.8125,70575.73438,30153382941
12-04-2024,67195.86719,71222.74219,65254.83594,70061.38281,44129299406
13-04-2024,63821.47266,67931.42969,60919.10547,67188.375,52869738185
14-04-2024,65738.72656,65824.42969,62205.85156,63836.23047,49084320047
15-04-2024,63426.21094,66878.64844,62332.07031,65739.64844,43595917654
16-04-2024,63811.86328,64355.66797,61716.40234,63419.29688,42847528078
17-04-2024,61276.69141,64486.36328,59768.58594,63831.84766,41915247049
18-04-2024,63512.75391,64125.6875,60833.48047,61275.31641,36006307335
19-04-2024,63843.57031,65481.59766,59651.39063,63510.75,49920425401
20-04-2024,64994.44141,65442.45703,63172.40234,63851.10156,23097485495
21-04-2024,64926.64453,65723.24219,64277.72266,64992.81641,20506644853
22-04-2024,66837.67969,67233.96094,64548.17969,64935.63281,28282686673
23-04-2024,66407.27344,67199.24219,65864.86719,66839.89063,24310975583
24-04-2024,64276.89844,67075.36719,63589.87109,66408.71875,30276655120
25-04-2024,64481.70703,65275.20703,62783.63281,64275.01953,32155786816
26-04-2024,63755.32031,64789.65625,63322.39844,64485.37109,24139372950
27-04-2024,63419.14063,63898.36328,62424.71875,63750.98828,19530783039
28-04-2024,63113.23047,64321.48438,62793.59766,63423.51563,17334827993
29-04-2024,63841.12109,64174.87891,61795.45703,63106.36328,26635912073
30-04-2024,60636.85547,64703.33203,59120.06641,63839.41797,37840840057
01-05-2024,58254.01172,60780.5,56555.29297,60609.49609,48439780271
02-05-2024,59123.43359,59602.29688,56937.20313,58253.70313,32711813559
03-05-2024,62889.83594,63320.50391,58848.3125,59122.30078,33172023048
04-05-2024,63891.47266,64494.95703,62599.35156,62891.03125,20620477992
05-05-2024,64031.13281,64610.89063,62955.30469,63892.45313,18296164805
06-05-2024,63161.94922,65494.90234,62746.23828,64038.3125,28697928697
07-05-2024,62334.81641,64390.45703,62285.98047,63162.76172,25930730982
08-05-2024,61187.94141,62986.08594,60877.12891,62332.64063,26088172222
09-05-2024,63049.96094,63404.91406,60648.07422,61191.19922,25453338161
10-05-2024,60792.77734,63446.74219,60208.78125,63055.19141,27804954694
11-05-2024,60793.71094,61451.15234,60492.625,60793.35547,13842272968
12-05-2024,61448.39453,61818.15625,60632.60156,60793.50391,13800459405
13-05-2024,62901.44922,63422.66016,60769.83984,61451.21875,27889181179
14-05-2024,61552.78906,63092.125,61123.76563,62900.77344,28186271527
15-05-2024,66267.49219,66454.45313,61330.41016,61553.98828,39815167074
16-05-2024,65231.58203,66712.42969,64613.05469,66256.10938,31573077994
17-05-2024,67051.875,67459.46094,65119.31641,65231.29688,28031279310
18-05-2024,66940.80469,67387.32813,66663.5,67066.21094,16712277406
19-05-2024,66278.36719,67694.29688,65937.17969,66937.92969,19249094538
20-05-2024,71448.19531,71483.5625,66086.17188,66278.74219,43850655717
21-05-2024,70136.53125,71946.46094,69191.125,71443.0625,46932005990
22-05-2024,69122.33594,70623.69531,68977.69531,70135.32031,32802561717
23-05-2024,67929.5625,70041.27344,66356.95313,69121.30469,41895680979
24-05-2024,68526.10156,69220.29688,66622.67188,67928.13281,29197308153
25-05-2024,69265.94531,69579.32031,68515.82031,68526.92188,15473071741
26-05-2024,68518.09375,69506.22656,68183.89063,69264.28906,15628433737
27-05-2024,69394.55469,70597.88281,68232.5,68512.17969,25870990717
28-05-2024,68296.21875,69514.64063,67227.15625,69392.19531,32722265965
29-05-2024,67578.09375,68852.46094,67101.49219,68296.35156,26707072906
30-05-2024,68364.99219,69500.53906,67118.07813,67576.08594,29509712534
31-05-2024,67491.41406,68999.5625,66633.42188,68362.51563,27387283769
01-06-2024,67706.9375,67839.76563,67386.19531,67489.60938,11641495604
02-06-2024,67751.60156,68409.16406,67315.52344,67710.27344,17110588415
03-06-2024,68804.78125,70230.82031,67589.83594,67753.89844,32401285324
04-06-2024,70567.76563,71047.40625,68564.64063,68804.57031,33149696545
05-06-2024,71082.82031,71735.41406,70390.71094,70568.35156,32810771409
06-06-2024,70757.16406,71625.73438,70119.125,71082.84375,25223152007
07-06-2024,69342.58594,71907.85156,68507.25781,70759.1875,36188381096
08-06-2024,69305.77344,69533.32031,69210.74219,69324.17969,14262185861
09-06-2024,69647.99219,69817.52344,69160.84375,69297.49219,13534028500
10-06-2024,69512.28125,70146.07031,69232.42188,69644.3125,20597699541
11-06-2024,67332.03125,69549.41406,66123.60156,69508.07813,37116136345
12-06-2024,68241.1875,69977.89063,66902.45313,67321.375,34497940694
13-06-2024,66756.39844,68365.78125,66304.5625,68243.10156,28955204146
14-06-2024,66011.09375,67294.64844,65056.89453,66747.57031,27403884779
15-06-2024,66191,66402.1875,65871.77344,66006.74219,14121265576
16-06-2024,66639.04688,66894.84375,66018.25,66189.35938,13281140541
17-06-2024,66490.29688,67188.32031,65094.96484,66636.51563,30006354476
18-06-2024,65140.74609,66556.70313,64066.95703,66490.97656,39481285950
19-06-2024,64960.29688,65695.35156,64693.30078,65146.66016,21103423504
20-06-2024,64828.65625,66438.96094,64547.84766,64960.29688,25641109124
21-06-2024,64096.19922,65007.54688,63378.89453,64837.98828,26188171739
22-06-2024,64252.57813,64475.46875,63929.75781,64113.86328,9858198793
23-06-2024,63180.79688,64491.70313,63180.79688,64248.96484,11170471802
24-06-2024,60277.41406,63292.52734,58601.69922,63173.35156,43152133651
25-06-2024,61804.64063,62258.26172,60239.75,60266.28125,29201215431
26-06-2024,60811.27734,62434.13672,60695.1875,61789.67578,22506003064
27-06-2024,61604.80078,62293.86328,60585.33203,60811.22656,21231745045
28-06-2024,60320.13672,62126.09766,59985.40234,61612.80469,24952866877
29-06-2024,60887.37891,61097.62109,60300.96484,60319.875,12652903396
30-06-2024,62678.29297,62892.82813,60632.94922,60888.44531,17333226409
01-07-2024,62851.98047,63777.22656,62495.51172,62673.60547,25468379421
02-07-2024,62029.01563,63203.35938,61752.74609,62844.41016,20151616992
03-07-2024,60173.92188,62187.70313,59419.38672,62034.33203,29756701685
04-07-2024,56977.70313,60399.67578,56777.80469,60147.13672,41149609230
05-07-2024,56662.375,57497.15234,53717.375,57022.80859,55417544033
06-07-2024,58303.53906,58472.54688,56038.96094,56659.07422,20610320577
07-07-2024,55849.10938,58371.12109,55793.32422,58239.42969,20553359505
08-07-2024,56705.09766,58131.33594,54321.01953,55849.57422,39766159899
09-07-2024,58009.22656,58239.19531,56316.875,56704.59766,27849512607
10-07-2024,57742.49609,59359.43359,57178.41406,58033.88281,26175260526
11-07-2024,57344.91406,59299.43359,57120.37891,57729.89063,28707803842
12-07-2024,57899.46484,58532.55469,56590.17578,57341.19531,25604805221
13-07-2024,59231.95313,59787.07813,57796.44141,57908.73828,17080061806
14-07-2024,60787.79297,61329.52734,59225.25,59225.25,22223416061
15-07-2024,64870.15234,64870.15234,60704.92969,60815.45703,38094526099
16-07-2024,65097.14844,65354.33984,62487.96875,64784.41797,41617346768
17-07-2024,64118.79297,66066.73438,63896.08594,65091.83203,32525071311
18-07-2024,63974.06641,65104.66016,63246.16406,64104.73828,27239305337
19-07-2024,66710.15625,67442.64063,63329.34375,63972.32422,37003855410
20-07-2024,67163.64844,67610.73438,66299.61719,66709.92188,19029581250
21-07-2024,68154.52344,68372.90625,65842.29688,67164.91406,26652190004
22-07-2024,67585.25,68480.0625,66611.29688,68152.97656,42649109453
23-07-2024,65927.67188,67779.01563,65484.46094,67584.80469,35605668666
24-07-2024,65372.13281,67113.98438,65146.99609,65927.85938,27470942309
25-07-2024,65777.22656,66112.42188,63473.47266,65375.875,38315761670
26-07-2024,67912.0625,68207.60156,65743.76563,65771.8125,30488630457
27-07-2024,67813.33594,69398.50781,66705.21875,67911.8125,34691905492
28-07-2024,68255.86719,68301.85156,67085.82813,67808.65625,18043166945
29-07-2024,66819.91406,69987.53906,66532.59375,68259.05469,40780682628
30-07-2024,66201.01563,66987.67188,65323.19141,66819.05469,31380492109
31-07-2024,64619.25,66810.21094,64532.04688,66201.27344,31292785994
01-08-2024,65357.5,65593.24219,62248.94141,64625.83984,40975554494
02-08-2024,61415.06641,65523.22266,61184.89453,65353.5,43060875727
03-08-2024,60680.09375,62148.37109,59836.52734,61414.80859,31753030589
04-08-2024,58116.97656,61062.98828,57210.80469,60676.09375,31758917219
05-08-2024,53991.45703,58268.82813,49121.23828,58110.29688,1.08991E+11
06-08-2024,56034.31641,57059.91797,53973.27344,53991.34766,49300484106
07-08-2024,55027.46094,57726.88281,54620.50781,56040.63281,41637562185
08-08-2024,61710.13672,62673.76563,54766.72656,55030.02734,45298472567
09-08-2024,60880.11328,61751.86328,59587.85938,61728.20703,33425553115
10-08-2024,60945.8125,61464.51172,60287.56641,60881.23047,15745822278
11-08-2024,58719.48438,61778.66016,58348.82422,60944.89063,22759754812
12-08-2024,59354.51563,60680.33203,57688.89844,58719.39453,37078637820
13-08-2024,60609.56641,61572.39844,58506.25391,59356.20703,30327698167
14-08-2024,58737.26953,61687.75781,58472.875,60611.05078,29961696180
15-08-2024,57560.09766,59838.64844,56161.59375,58733.26172,35682112440
16-08-2024,58894.10547,59847.35938,57110.01953,57560.27344,29350938673
17-08-2024,59478.97266,59694.66797,58814.83203,58893.53125,13589684021
18-08-2024,58483.96484,60262.71875,58445.40234,59468.13281,17740625837
19-08-2024,59493.45313,59612.66016,57864.71094,58480.71094,25911207712
20-08-2024,59012.79297,61396.32813,58610.88281,59493.45313,31613400008
21-08-2024,61175.19141,61834.35156,58823.44531,59014.98828,32731154072
22-08-2024,60381.91406,61408.10938,59815.25391,61168.31641,27625734377
23-08-2024,64094.35547,64947.0625,60372.05078,60380.95313,42530509233
24-08-2024,64178.99219,64513.78906,63619.91797,64103.87109,21430585163
25-08-2024,64333.54297,64996.42188,63833.51953,64176.36719,18827683555
26-08-2024,62880.66016,64489.70703,62849.55859,64342.22656,27682040631
27-08-2024,59504.13281,63210.79688,58116.75,62879.70703,39103882198
28-08-2024,59027.625,60236.44922,57890.67578,59507.92578,40289564698
29-08-2024,59388.17969,61184.08203,58786.22656,59027.46875,32224990582
30-08-2024,59119.47656,59896.88672,57768.53125,59388.60156,32292756405
31-08-2024,58969.89844,59432.59375,58768.78516,59117.48047,12403470760
01-09-2024,57325.48828,59062.07031,57217.82422,58969.80078,24592449997
02-09-2024,59112.48047,59403.07031,57136.02734,57326.96875,27036454524
03-09-2024,57431.02344,59815.05859,57425.16797,59106.19141,26666961053
04-09-2024,57971.53906,58511.57031,55673.16406,57430.34766,35627680312
05-09-2024,56160.48828,58300.58203,55712.45313,57971.70313,31030280656
06-09-2024,53948.75391,56976.10938,52598.69922,56160.19141,49361693566
07-09-2024,54139.6875,54838.14453,53740.07031,53949.08594,19061486526
08-09-2024,54841.56641,55300.85938,53653.75781,54147.93359,18268287531
09-09-2024,57019.53516,58041.125,54598.43359,54851.88672,34618096173
10-09-2024,57648.71094,58029.97656,56419.41406,57020.09766,28857630507
11-09-2024,57343.17188,57991.32031,55567.33984,57650.28906,37049062672
12-09-2024,58127.01172,58534.35938,57330.10156,57343.17188,33835707949
13-09-2024,60571.30078,60648.02344,57650.11328,58130.32422,32490528356
14-09-2024,60005.12109,60656.72266,59517.88281,60569.11719,16428405496
15-09-2024,59182.83594,60381.91797,58696.30859,60000.72656,18120960867
16-09-2024,58192.50781,59205.51172,57501.33984,59185.22656,32032822113
17-09-2024,60308.53906,61316.08984,57628.07031,58192.50781,38075570118
18-09-2024,61649.67969,61664.06641,59218.25391,60309,40990702891
19-09-2024,62940.45703,63872.44141,61609.86719,61651.15625,42710252573
20-09-2024,63192.97656,64119.53125,62364.60547,62941.42578,35177164222
21-09-2024,63394.83984,63543.35938,62783.10547,63184.33984,14408616220
22-09-2024,63648.71094,63993.42188,62440.72656,63396.80469,20183348802
23-09-2024,63329.80078,64733.55859,62628.07813,63643.10156,31400285425
24-09-2024,64301.96875,64695.21484,62737.41797,63326.83984,29938335243
25-09-2024,63143.14453,64804.50391,62945.375,64302.58984,25078377700
26-09-2024,65181.01953,65790.79688,62669.26953,63138.54688,36873129847
27-09-2024,65790.66406,66480.69531,64852.99219,65180.66406,32058813449
28-09-2024,65887.64844,66255.53125,65458.03516,65792.17969,15243637984
29-09-2024,65635.30469,66069.34375,65450.01563,65888.89844,14788214575
30-09-2024,63329.5,65635.05469,62873.61719,65634.65625,37112957475
01-10-2024,60837.00781,64110.98047,60189.27734,63335.60547,50220923500
02-10-2024,60632.78516,62357.6875,59996.94922,60836.32422,40762722398
03-10-2024,60759.40234,61469.03906,59878.80469,60632.48438,36106447279
04-10-2024,62067.47656,62465.99219,60459.94141,60754.625,29585472513
05-10-2024,62089.94922,62371.02344,61689.58203,62067.60938,13305410749
06-10-2024,62818.95313,62959.57031,61833.14844,62084.98828,14776233667
07-10-2024,62236.66016,64443.70703,62152.55078,62819.10938,34253562610
08-10-2024,62131.96875,63174.30469,61843.5625,62221.64453,28134475157
09-10-2024,60582.10156,62508.83594,60314.61328,62131.72656,27670982363
10-10-2024,60274.5,61236.72266,58895.20703,60581.92969,30452813570
11-10-2024,62445.08984,63400.87109,60046.125,60275.46094,30327141594
12-10-2024,63193.02344,63448.78516,62443.26953,62444.61719,16744110886
13-10-2024,62851.375,63272.65234,62035.63672,63192.94531,18177529690
14-10-2024,66046.125,66482.49219,62442.15234,62848.39844,43706958056
15-10-2024,67041.10938,67881.67969,64809.19531,66050.36719,48863870879
16-10-2024,67612.71875,68375.28906,66758.72656,67042.46094,38195189534
17-10-2024,67399.83594,67912.21094,66647.39063,67617.07813,32790898511
18-10-2024,68418.78906,68969.75,67177.82031,67419.10938,36857165014
19-10-2024,68362.73438,68668.00781,68024.64063,68418.97656,14443497908
20-10-2024,69001.70313,69359.00781,68105.71875,68364.17969,18975847518
21-10-2024,67367.85156,69462.73438,66829.85156,69002,37498611780
22-10-2024,67361.40625,67801.57813,66581.36719,67360.70313,31808472566
23-10-2024,66432.19531,67402.74219,65188.03516,67362.375,32263980353
24-10-2024,68161.05469,68798.96094,66454.10156,66653.70313,31414428647
25-10-2024,66642.41406,68722.15625,65521.79297,68165.29688,41469984306
26-10-2024,67014.69531,67317.92188,66360.59375,66628.73438,19588098156
27-10-2024,67929.29688,68221.3125,66847.22656,67023.47656,16721307878
28-10-2024,69907.75781,70212.26563,67535.13281,67922.67188,38799856657
29-10-2024,72720.49219,73577.21094,69729.91406,69910.04688,58541874402
30-10-2024,72339.53906,72905.29688,71411.73438,72715.36719,40646637831
31-10-2024,70215.1875,72662.3125,69590.5,72335.04688,40627912076
01-11-2024,69482.46875,71559.01563,68779.70313,70216.89844,49989795365
02-11-2024,69289.27344,69867.35156,69033.71875,69486.02344,18184612091
03-11-2024,68741.11719,69361.65625,67482.52344,69296.38281,34868307655
04-11-2024,67811.50781,69433.17969,66803.64844,68742.13281,41184819348
05-11-2024,69359.5625,70522.78906,67458.86719,67811.17188,46046889204
06-11-2024,75639.07813,76460.15625,69322.03125,69358.5,1.18593E+11
07-11-2024,75904.85938,76943.11719,74480.42188,75637.08594,63467654989
08-11-2024,76545.47656,77252.75,75648.74219,75902.83594,55176858003
09-11-2024,76778.86719,76932.76563,75773.78906,76556.1875,29009480361
10-11-2024,80474.1875,81474.42188,76565.42969,76775.54688,82570594495
11-11-2024,88701.48438,89604.5,80283.25,80471.41406,1.17967E+11
12-11-2024,87955.8125,89956.88281,85155.10938,88705.5625,1.33673E+11
13-11-2024,90584.16406,93434.35156,86256.92969,87929.96875,1.23559E+11
14-11-2024,87250.42969,91765.21875,86682.8125,90574.88281,87616705248
15-11-2024,91066.00781,91868.74219,87124.89844,87284.17969,78243109518
16-11-2024,90558.47656,91763.94531,90094.22656,91064.36719,44333192814
17-11-2024,89845.85156,91433.03906,88741.66406,90558.46094,46350159305
18-11-2024,90542.64063,92596.78906,89393.59375,89843.71875,75535775084
19-11-2024,92343.78906,94002.86719,90426.98438,90536.8125,74521048295
20-11-2024,94339.49219,94902.02344,91619.5,92341.89063,71730956426
21-11-2024,98504.72656,99014.21875,94132.60156,94334.64063,1.06025E+11
22-11-2024,98997.66406,99655.5,97222.66406,98496.42969,78473580551
23-11-2024,97777.28125,99014.67969,97232.89063,99006.74219,44414644677
24-11-2024,98013.82031,98647.17969,95788.07813,97778.09375,51712020623
25-11-2024,93102.29688,98935.03125,92642.91406,98033.44531,80909462490
26-11-2024,91985.32031,94991.75,90770.8125,93087.28125,91656519855
27-11-2024,95962.53125,97361.17969,91778.66406,91978.14063,71133452438
28-11-2024,95652.46875,96650.20313,94677.35156,95954.94531,52260008261
29-11-2024,97461.52344,98693.17188,95407.88281,95653.95313,54968682476
30-11-2024,96449.05469,97499.34375,96144.21875,97468.8125,31634227866
01-12-2024,97279.78906,97888.125,95770.1875,96461.33594,36590695296
02-12-2024,95865.30469,98152.60156,94482.86719,97276.00781,72680784305
03-12-2024,96002.16406,96297.20313,93629.5625,95854.59375,67067810961
04-12-2024,98768.53125,99207.32813,94660.52344,95988.53125,77199817112
05-12-2024,96593.57031,103900.4688,91998.78125,98741.53906,1.49219E+11
06-12-2024,99920.71094,102039.8828,96514.875,97074.22656,94534772658
07-12-2024,99923.33594,100563.3828,99030.88281,99916.71094,44177510897
08-12-2024,101236.0156,101399.9922,98771.51563,99921.91406,44125751925
09-12-2024,97432.71875,101272.5078,94355.91406,101237.0625,1.10676E+11
10-12-2024,96675.42969,98270.15625,94321.25781,97441.23438,1.04824E+11
11-12-2024,101173.0313,101913.3594,95747.22656,96656.0625,85391409936
12-12-2024,100043,102524.9141,99339.95313,101167.8047,72073983533
13-12-2024,101459.2578,101888.8047,99233.28125,100046.6484,56894751583
14-12-2024,101372.9688,102618.8828,100634.0547,101451.4375,40422968793
15-12-2024,104298.6953,105047.5391,101227.0313,101373.5313,51145914137
16-12-2024,106029.7188,107780.5781,103322.9844,104293.5781,91020417816
17-12-2024,106140.6016,108268.4453,105291.7344,106030.6875,68589364868
18-12-2024,100041.5391,106470.6094,100041.5391,106147.2969,93865656139
19-12-2024,97490.95313,102748.1484,95587.67969,100070.6875,97221662392
20-12-2024,97755.92969,98098.91406,92175.17969,97484.69531,1.05634E+11
21-12-2024,97224.72656,99507.10156,96426.52344,97756.19531,51765334294
22-12-2024,95104.9375,97360.26563,94202.1875,97218.32031,43147981314
23-12-2024,94686.24219,96416.21094,92403.13281,95099.39063,65239002919
24-12-2024,98676.09375,99404.0625,93448.01563,94684.34375,47114953674
25-12-2024,99299.19531,99478.75,97593.46875,98675.91406,33700394629
26-12-2024,95795.51563,99884.57031,95137.88281,99297.69531,47054980873
27-12-2024,94164.85938,97294.84375,93310.74219,95704.97656,52419934565
28-12-2024,95163.92969,95525.89844,94014.28906,94160.1875,24107436185
29-12-2024,93530.22656,95174.875,92881.78906,95174.05469,29635885267
30-12-2024,92643.21094,94903.32031,91317.13281,93527.19531,56188003691
31-12-2024,93429.20313,96090.60156,91914.03125,92643.25,43625106843
01-01-2025,94419.75781,94929.86719,92788.125,93425.10156,24519888919
02-01-2025,96886.875,97739.82031,94201.57031,94416.28906,46009564411
03-01-2025,98107.42969,98956.91406,96034.61719,96881.72656,35611391163
04-01-2025,98236.22656,98734.42969,97562.97656,98106.99219,22342608078
05-01-2025,98314.96094,98813.30469,97291.76563,98233.90625,20525254825
06-01-2025,102078.0859,102482.875,97926.14844,98314.95313,51823432705
07-01-2025,96922.70313,102712.4844,96132.875,102248.8516,58685738547
08-01-2025,95043.52344,97258.32031,92525.84375,96924.16406,63875859171
09-01-2025,92484.03906,95349.71875,91220.84375,95043.48438,62777261693
10-01-2025,94701.45313,95770.60938,92250.09375,92494.49219,62058693684
11-01-2025,94566.59375,94977.6875,93840.04688,94700.83594,18860894100
12-01-2025,94488.4375,95367.53906,93712.50781,94565.72656,20885130965
13-01-2025,94516.52344,95837,89260.10156,94488.89063,72978998252
14-01-2025,96534.04688,97352.66406,94322.15625,94519.00781,53769675818
15-01-2025,100504.4922,100697.2344,96501.64063,96534.04688,57805923627
16-01-2025,99756.90625,100781.5859,97364.44531,100505.2969,54103781805
17-01-2025,104462.0391,105884.2266,99948.90625,100025.7656,71888972663
18-01-2025,104408.0703,104913.2031,102226.6172,104124.9531,50445655726
19-01-2025,101089.6094,106299.7969,99570.53125,104411.2891,76789928525
20-01-2025,102016.6641,109114.8828,99471.35938,101083.75,1.2628E+11
21-01-2025,106146.2656,107180.9219,100103.9531,102052.5781,88733878242
22-01-2025,103653.0703,106294.3438,103360.2656,106136.3828,53878181052
23-01-2025,103960.1719,106820.3281,101257.8047,103657.6719,1.04105E+11
24-01-2025,104819.4844,107098.5469,102772.125,103965.6719,52388229265
25-01-2025,104714.6484,105243.7891,104120.375,104824.0313,23888996502
26-01-2025,102682.5,105438.6484,102507.7109,104713.2109,22543395879
27-01-2025,102087.6875,103214.1094,97795.9375,102680.3047,89006608428
28-01-2025,101332.4766,103730.8203,100238.1875,102095.4141,47180685494
29-01-2025,103703.2109,104750.8047,101283.8203,101317.5234,47432049818
30-01-2025,104735.3047,106418.7656,103321.6484,103709.3359,41915744521
31-01-2025,102405.0234,106026.3516,101543.8828,104737.5625,45732764360
01-02-2025,100655.9063,102755.7266,100297.7109,102402.7969,27757944848
02-02-2025,97688.97656,101430.6641,96216.07813,100661.5391,63091816853
03-02-2025,101405.4219,102514.1719,91242.89063,97681.10156,1.15401E+11
04-02-2025,97871.82031,101745.6172,96208.10938,101398.7188,73002130211
05-02-2025,96615.44531,99113.21094,96174.82813,97878.00781,49125911241
06-02-2025,96593.29688,99168.60938,95707.35156,96610.64063,45302471947
07-02-2025,96529.08594,100154.1406,95653.88281,96581.32031,55741290456
08-02-2025,96482.45313,96877.80469,95702.49219,96533.25781,22447526395
09-02-2025,96500.09375,97325.28125,94745.25781,96481.3125,27732901800
10-02-2025,97437.55469,98333.21875,95320.84375,96499.46094,40078962391
11-02-2025,95747.42969,98492.89844,94875.03906,97438.13281,37488783272
12-02-2025,97885.85938,98151.02344,94101.20313,95745.69531,49340445530
13-02-2025,96623.86719,98111.08594,95269.71094,97888.75,37147280860
14-02-2025,97508.96875,98819.46875,96342.80469,96623.36719,32697987277
15-02-2025,97580.35156,97975.03906,97240.19531,97508.38281,17047266288
16-02-2025,96175.03125,97725.59375,96060.97656,97580.49219,16536755396
17-02-2025,95773.38281,97032.23438,95243.54688,96179.00781,27336550690
18-02-2025,95539.54688,96695.375,93388.83594,95773.8125,37325720482
19-02-2025,96635.60938,96855.59375,95011.96875,95532.53125,28990872862
20-02-2025,98333.9375,98767.19531,96442.67188,96632.67969,31668022771
21-02-2025,96125.54688,99497.96875,94852.96094,98340.67188,49608706470
22-02-2025,96577.75781,96950.15625,95765.34375,96134.20313,18353824477
23-02-2025,96273.92188,96671.875,95270.45313,96577.80469,16999478976
24-02-2025,91418.17188,96503.45313,91371.74219,96277.96094,44046480529
25-02-2025,88736.17188,92511.07813,86008.23438,91437.11719,92139104128
26-02-2025,84347.02344,89286.25,82131.89844,88638.89063,64597492134
27-02-2025,84704.22656,87000.78125,83144.96094,84076.85938,52659591954
28-02-2025,84373.00781,85036.32031,78248.91406,84705.625,83610570576
01-03-2025,86031.91406,86522.30469,83794.23438,84373.86719,29190628396
02-03-2025,94248.35156,95043.4375,85040.21094,86036.25781,58398341092
03-03-2025,86065.67188,94429.75,85081.30469,94248.42188,70072228536
04-03-2025,87222.19531,88911.27344,81529.24219,86064.07031,68095241474
05-03-2025,90623.5625,90998.24219,86379.77344,87222.95313,50498988027
06-03-2025,89961.72656,92804.9375,87852.14063,90622.35938,47749810486
07-03-2025,86742.67188,91191.04688,84717.67969,89963.28125,65945677657
08-03-2025,86154.59375,86847.26563,85247.48438,86742.65625,18206118081
09-03-2025,80601.03906,86471.13281,80052.48438,86154.30469,30899345977
10-03-2025,78532,83955.92969,77420.59375,80597.14844,54061099422
11-03-2025,82862.21094,83577.75781,76624.25,78523.875,54702837196
12-03-2025,83722.35938,84358.57813,80635.25,82857.375,40353484454
13-03-2025,81066.70313,84301.69531,79931.85156,83724.92188,31412940153
14-03-2025,83969.10156,85263.28906,80797.5625,81066.99219,29588112414
15-03-2025,84343.10938,84672.67188,83639.59375,83968.40625,13650491277
16-03-2025,82579.6875,85051.60156,82017.90625,84333.32031,21330270174
17-03-2025,84075.6875,84725.32813,82492.15625,82576.33594,25092785558
18-03-2025,82718.5,84075.71875,81179.99219,84075.71875,24095774594
19-03-2025,86854.22656,87021.1875,82569.72656,82718.80469,34931960257
20-03-2025,84167.19531,87443.26563,83647.19531,86872.95313,29028988961
21-03-2025,84043.24219,84782.27344,83171.07031,84164.53906,19030452299
22-03-2025,83832.48438,84513.875,83674.78125,84046.25781,9863214091
23-03-2025,86054.375,86094.78125,83794.91406,83831.89844,12594615537
24-03-2025,87498.91406,88758.72656,85541.19531,86070.92969,34582604933
25-03-2025,87471.70313,88542.39844,86346.07813,87512.82031,30005840049
26-03-2025,86900.88281,88292.15625,85861.45313,87460.23438,26704046038
27-03-2025,87177.10156,87786.72656,85837.9375,86896.25781,24413471941
28-03-2025,84353.14844,87489.85938,83557.64063,87185.23438,34198619509
29-03-2025,82597.58594,84567.33594,81634.14063,84352.07031,16969396135
30-03-2025,82334.52344,83505,81573.25,82596.98438,14763760943
31-03-2025,82548.91406,83870.125,81293.89063,82336.0625,29004228247
01-04-2025,85169.17188,85487.36719,82429.35938,82551.92188,28175650319
02-04-2025,82485.71094,88466.95313,82343.53906,85180.60938,47584398470
03-04-2025,83102.82813,83909.29688,81282.10156,82487.47656,36852112080
04-04-2025,83843.80469,84696.14844,81670.75,83100.25,45157640207
05-04-2025,83504.79688,84207.01563,82377.73438,83844.70313,14380803631
06-04-2025,78214.48438,83704.71875,77097.74219,83504.50781,36294853736
07-04-2025,79235.33594,81119.0625,74436.67969,78221.33594,91262424987
08-04-2025,76271.95313,80823.89063,76198.02344,79218.47656,48314590749
09-04-2025,82573.95313,83541,74589.67188,76273.5625,84213627038
10-04-2025,79626.14063,82700.92969,78456.13281,82565.97656,44718000633
11-04-2025,83404.83594,84247.47656,78936.32031,79625.04688,41656778779
12-04-2025,85287.10938,85856.1875,82769.375,83404.51563,24258059104
13-04-2025,83684.97656,86015.1875,83027.00781,85279.46875,28796984817
14-04-2025,84542.39063,85785,83690.64063,83694.52344,34090769777
15-04-2025,83668.99219,86429.35156,83598.82031,84539.69531,28040322885
16-04-2025,84033.86719,85428.28125,83100.61719,83674.50781,29617804112
17-04-2025,84895.75,85449.07031,83749.75,84030.67188,21276866029
18-04-2025,84450.80469,85095.04688,84298.88281,84900.1875,12728372364
19-04-2025,85063.41406,85597.70313,84353.46094,84450.86719,15259300427
20-04-2025,85174.30469,85306.38281,83976.84375,85066.07031,14664050812
21-04-2025,87518.90625,88460.09375,85143.83594,85171.53906,41396190190
22-04-2025,93441.89063,93817.38281,87084.53125,87521.875,55899038456
23-04-2025,93699.10938,94535.73438,91962.96094,93427.58594,41719568821
24-04-2025,93943.79688,94016.19531,91696.71094,93692.39844,31483175315
25-04-2025,94720.5,95768.39063,92898.59375,93954.25,40915232364
26-04-2025,94646.92969,95251.35938,93927.25,94714.64844,17612825123
27-04-2025,93754.84375,95301.20313,93665.39844,94660.90625,18090367764
28-04-2025,94978.75,95598.49219,92860.80469,93755.30469,32363449569
29-04-2025,94284.78906,95485.41406,93796.63281,94981.85938,25806129921
30-04-2025,94207.3125,95249.32031,92979.64063,94286.46875,28344679831
01-05-2025,96492.33594,97437.96094,94153.63281,94212.85938,32875889623
02-05-2025,96910.07031,97905.89844,96375.94531,96494.96875,26421924677
03-05-2025,95891.79688,96943.88281,95821.28906,96904.63281,15775154889
04-05-2025,94315.97656,96318.92188,94173.42969,95877.1875,18198688416
05-05-2025,94748.05469,95193.1875,93566.26563,94319.5625,25816260327
06-05-2025,96802.47656,96889.17969,93399.85938,94748.38281,26551275827
07-05-2025,97032.32031,97625.80469,95829.33594,96800.19531,76983822462
08-05-2025,103241.4609,103969.5391,96913.875,97034.25,69895404397
09-05-2025,102970.8516,104297.4922,102343.0938,103239.125,58198593958
10-05-2025,104696.3281,104961.7656,102830.4844,102973.7109,42276713994
11-05-2025,104106.3594,104937.9922,103364.7422,104701.0703,46285517406
12-05-2025,102812.9531,105747.4531,100814.4063,104106.9609,63250475404
13-05-2025,104169.8125,104997.4219,101515.0938,102812.4922,52608876410
14-05-2025,103539.4141,104303.5625,102618.2969,104167.3281,45956071155
15-05-2025,103744.6406,104153.6172,101440.8125,103538.8281,50408241840
16-05-2025,103489.2891,104533.4844,103137.4766,103735.6563,44386499364
17-05-2025,103191.0859,103716.9453,102659.1797,103489.2891,37898552742
18-05-2025,106446.0078,106597.1719,103142.6016,103186.9531,49887082058
19-05-2025,105606.1797,107068.7188,102112.6875,106430.5313,61761126647
20-05-2025,106791.0859,107307.1172,104206.5156,105605.4063,36515726122
21-05-2025,109678.0781,110724.4609,106127.2344,106791.3125,78086364051
22-05-2025,111673.2813,111970.1719,109285.0703,109673.4922,70157575642
23-05-2025,107287.7969,111798.9063,106841.3047,111679.3594,67548133399
24-05-2025,107791.1563,109454.5234,106895.2891,107278.5078,45903627163
25-05-2025,109035.3906,109313.3047,106683.375,107802.2734,47518041841
26-05-2025,109440.3672,110376.8828,108735.6406,109023.7813,45950461571
27-05-2025,108994.6406,110744.2109,107609.5547,109440.4063,57450176272
28-05-2025,107802.3281,109298.2891,106812.9297,108992.1719,49155377493
29-05-2025,105641.7578,108910.0469,105374.3984,107795.5703,56022752042
30-05-2025,103998.5703,106308.9453,103685.7891,105646.2109,57655287183
31-05-2025,104638.0938,104927.1016,103136.1172,103994.7188,38997843858
01-06-2025,105652.1016,105884.5469,103826.9531,104637.2969,37397056873
02-06-2025,105881.5313,105958.3125,103727.5469,105649.8125,45819706290
03-06-2025,105432.4688,106813.5781,104920.8438,105888.4766,46196508367
04-06-2025,104731.9844,105997.6953,104232.7031,105434.3672,44544857105
05-06-2025,101575.9531,105936.6875,100436.8828,104750.7813,57479298400
06-06-2025,104390.3438,105376.7734,101169.5703,101574.3672,48856653697
07-06-2025,105615.625,105972.7578,103987.3125,104390.6484,38365033776
08-06-2025,105793.6484,106497.0625,105075.3281,105617.5078,36626232328
09-06-2025,110294.1016,110561.4219,105400.2344,105793.0234,55903193732
10-06-2025,110257.2344,110380.125,108367.7109,110295.6875,54700101509
11-06-2025,108686.625,110384.2188,108086.3281,110261.7969,50842662052
12-06-2025,105929.0547,108780.6953,105785.6875,108685.9141,54843867968
13-06-2025,106090.9688,106182.5469,102822.0234,105924.5938,69550440846
14-06-2025,105472.4063,106203.7578,104379.3672,106108.0859,38007870453
15-06-2025,105552.0234,106157.1016,104519.8828,105464.8438,36744307742
16-06-2025,106796.7578,108915.375,104997.625,105555.5938,50366626945
17-06-2025,104601.1172,107750.1953,103396.5313,106794.1172,55964092176
18-06-2025,104883.3281,105581.8516,103602.2656,104602.0703,47318089133
19-06-2025,104684.2891,105250.8906,103940.7734,104886.7734,37333806920
20-06-2025,103309.6016,106539.3828,102372.2109,104681.0313,50951862476
21-06-2025,102257.4063,104015.7813,100973.0625,103315.0781,38360555118
22-06-2025,100987.1406,103351.6328,98286.20313,102212.0313,65536997201
23-06-2025,105577.7734,106116.8594,99705.75,100987.4766,65237759656
24-06-2025,106045.6328,106316.8281,104740.2422,105571.5156,48822986421
25-06-2025,107361.2578,108168.3984,105881.3906,106047.4063,51624120283
26-06-2025,106960,108305.5469,106666.3516,107375.0703,43891990613
27-06-2025,107088.4297,107772.4688,106449.9922,106954.9219,45353692675
28-06-2025,107327.7031,107567.8828,106883.9766,107090.5469,30037708335
29-06-2025,108385.5703,108526.3047,107230.1094,107327.8203,35534874438
30-06-2025,107135.3359,108798.7891,106759.6484,108383.4375,42064804590
01-07-2025,105698.2813,107550.6797,105270.2266,107144.3828,44110692247
02-07-2025,108859.3203,109763.6563,105157.3984,105703.1016,56248657737
03-07-2025,109647.9766,110541.4609,108605.7969,108845.0156,50494742270
04-07-2025,108034.3359,109751.9844,107296.3828,109635.6563,42616442656
05-07-2025,108231.1797,108381.3438,107842.2734,108015.8359,30615537520
06-07-2025,109232.0703,109731.625,107847.0156,108231.1875,36746020463
07-07-2025,108299.8516,109710.25,107527.0547,109235.3281,45415696597
08-07-2025,108950.2734,109198.9688,107499.5547,108298.2266,44282204127
09-07-2025,111326.5547,111925.375,108357.6797,108950.2734,57927418065
10-07-2025,115987.2031,116608.7813,110660.75,111329.1953,95911605728
11-07-2025,117516.9922,118856.4766,115245.6875,115986.2344,86928361085
12-07-2025,117435.2266,118219.8984,116977.0234,117530.7109,45524560304
13-07-2025,119116.1172,119449.5703,117265.4375,117432.2031,49021091807
14-07-2025,119849.7031,123091.6094,118959.1953,119115.7891,1.81746E+11
15-07-2025,117777.1875,119935.5625,115765.6875,119853.8516,98321661181
16-07-2025,118738.5078,120065.5156,117064.8203,117777.1875,72162029070
17-07-2025,119289.8438,120999.6094,117508.2188,118738.5078,72363841798
18-07-2025,118003.2266,120851.9141,116925.9844,119284.1094,77945799785
19-07-2025,117939.9766,118541.3984,117388.4141,117998.125,47564562765
20-07-2025,117300.7891,118865.0313,116550.1328,117944.1094,57515447231
21-07-2025,117439.5391,119671.5625,116584.3984,117306.4688,69820091744
22-07-2025,119995.4141,120269.9688,116233.2266,117426.5,79217583118
23-07-2025,118754.9609,120113.3516,117391.3906,119997.4453,66608604537
24-07-2025,118368,119535.4531,117247.9688,118770.9844,72627318560
25-07-2025,117635.8828,118486.9766,114759.8203,118368,1.04857E+11
26-07-2025,117947.3672,118335.6875,117181.2266,117644.8438,48508954046
27-07-2025,119448.4922,119815.5938,117859.6875,117944.7266,54683390892
28-07-2025,117924.4766,119819.7891,117441.4375,119457.5234,64822943193
29-07-2025,117922.1484,119273.8672,116987.3672,117938.5859,68463107433
30-07-2025,117831.1875,118780.7266,115800.8281,117921.9922,68896148592
31-07-2025,115758.2031,118919.9844,115505.2188,117833.6328,69370346018
01-08-2025,113320.0859,116060.7734,112724.4453,115738.9531,91294530181
02-08-2025,112526.9141,114021.6016,112005.7656,113320.3906,56870866000
03-08-2025,114217.6719,114747.4219,111943.8047,112525.8047,48099615826
04-08-2025,115071.8828,115729.4688,114130.4063,114223.9219,35783028986
05-08-2025,114141.4453,115117.4375,112701.1094,115072.1875,61039182286
06-08-2025,115028,115737.8359,113372.25,114140.9141,56379133510
07-08-2025,117496.8984,117676.9063,114279.7109,115030.0547,64051649681
08-08-2025,116688.7266,117689.2031,115917.4609,117505.5,59713005166
09-08-2025,116500.3594,117906.6094,116363.8359,116678.2734,54004312429
10-08-2025,119306.7578,119320.7109,116485.1641,116497.7188,64755458694
11-08-2025,118731.4453,122321.0938,118159.0313,119306.8125,90528784177
12-08-2025,120172.9063,120302.4688,118228.7188,118717.6641,72803657984
13-08-2025,123344.0625,123682.4531,118939.6328,120168.9766,90904808795
14-08-2025,118359.5781,124457.1172,117254.8828,123339.3984,1.04056E+11
15-08-2025,117398.3516,119332.3125,116864.5703,118365.7813,68665353159
16-08-2025,117491.3516,117996.0625,117271.9531,117398.4219,48036922378
17-08-2025,117453.0625,118595.7734,117279.5234,117492.7891,45852169525
18-08-2025,116252.3125,117614.1719,114723.6797,117453.9063,72787808090
19-08-2025,112831.1797,116764.5,112730.3984,116241.8594,71657600353
20-08-2025,114274.7422,114625.7969,112387.9609,112828.0234,67993811526
21-08-2025,112419.0313,114802.6484,111986.2344,114275.6875,57817883700
22-08-2025,116874.0859,117377.3984,111678.9453,112433.7344,82528088240
23-08-2025,115374.3281,116996.25,114536.1094,116866.3672,55377142586
24-08-2025,113458.4297,115615.0859,111060.5469,115387.3906,73961489632
25-08-2025,110124.3516,113637.8438,109324.2813,113456.8984,85706860190
26-08-2025,111802.6563,112397.0156,108762.0391,110124.1016,69396320317
27-08-2025,111222.0625,112619.4141,110398.2656,111795.7109,62137056409
28-08-2025,112544.8047,113450.0781,110900.9219,111219.0547,58860155962
29-08-2025,108410.8359,112619.0547,107559.625,112550.5234,77843379644
30-08-2025,108808.0703,108929.3516,107444.4453,108409.4063,51486264208
31-08-2025,108236.7109,109491,108104.6563,108818.4609,47986191770
01-09-2025,109250.5938,109890.5859,107271.1797,108228.75,66870372995
02-09-2025,111200.5859,111748.0156,108454.0313,109243.0703,74776999491
03-09-2025,111723.2109,112600.2266,110582.9609,111190.6953,61119643565
04-09-2025,110723.6016,112208.3281,109347.2266,111718.1484,60131132901
05-09-2025,110650.9844,113357.4922,110233.3984,110723.0156,60241647677
06-09-2025,110224.6953,111275.0156,110024.0859,110650.5703,21500719036
07-09-2025,111167.6172,111591.0781,110211.625,110221.3281,24618007520
08-09-2025,112071.4297,112869.2344,110630.6094,111163.0156,40212813407
09-09-2025,111530.5469,113225.4375,110776.7031,112077.5781,45984480722
10-09-2025,113955.3594,114275.25,110940.0781,111531.25,56377473784
11-09-2025,115507.5391,115522.5469,113453.8359,113961.4297,45685065332
12-09-2025,116101.5781,116769.3828,114794.4844,115507.7891,54785725894
13-09-2025,115950.5078,116334.6328,115248.2734,116093.5625,34549454947
14-09-2025,115407.6563,116181.5,115222.3984,115950.2891,32798036057
15-09-2025,115444.875,116747.8828,114461.0625,115399.6328,52937859416
16-09-2025,116843.1875,117005.2734,114813.0938,115423.7578,45781744593
17-09-2025,116468.5078,117328.6094,114794.9766,116840.5078,60528025996
18-09-2025,117137.2031,117911.7891,116188.7969,116461.2656,49457272032
19-09-2025,115688.8594,117479.7578,115141.8203,117137.6719,38828473971
20-09-2025,115721.9609,116191.1484,115473.5234,115691.125,22864449614
21-09-2025,115306.0938,115901.0859,115252.5781,115730.2266,22495852193
22-09-2025,112748.5078,115431.3125,112037.6484,115309.2188,70684158591
23-09-2025,112014.5,113351.9141,111535.5703,112757.4766,47211853279
24-09-2025,113328.6328,113986.2734,111229.6406,112007.6641,48044595085
25-09-2025,109049.2891,113541.0859,108713.3984,113330.1641,75528654284
26-09-2025,109712.8281,110359.1953,108728.9766,109041.2969,57738288949
27-09-2025,109681.9453,109778.5,109144.2969,109707.1406,26308042910
28-09-2025,112122.6406,112375.4844,109236.9453,109681.9453,33371048505
29-09-2025,114400.3828,114473.5703,111589.9531,112117.875,60000147466
30-09-2025,114056.0859,114836.6172,112740.5625,114396.5234,58986330258
01-10-2025,118648.9297,118648.9297,113981.3984,114057.5938,71328680132
02-10-2025,120681.2578,121086.4063,118383.1563,118652.3828,71415163912
03-10-2025,122266.5313,123944.7031,119344.3125,120656.9844,83941392228
04-10-2025,122425.4297,122857.6406,121577.5703,122267.4688,36769171735
05-10-2025,123513.4766,125559.2109,122191.9609,122419.6719,73689317763
06-10-2025,124752.5313,126198.0703,123196.0469,123510.4531,72568881188
07-10-2025,121451.3828,125184.0234,120681.9688,124752.1406,76149412513
08-10-2025,123354.8672,124167.0938,121119.1797,121448.3516,65354305286
09-10-2025,121705.5859,123739.3438,119812.0313,123337.0703,74653009425
10-10-2025,113214.3672,122509.6641,104582.4141,121704.7422,1.53125E+11
11-10-2025,110807.8828,113429.7266,109760.5625,113236.4297,1.10237E+11
12-10-2025,115169.7656,115805.0625,109715.5391,110811.5156,93710414091
13-10-2025,115271.0781,116020.4844,113821.1875,115161.6797,71582026739
14-10-2025,113118.6641,115502.8828,110029.4844,115264.8828,92212917403
15-10-2025,110783.1641,113622.3828,110235.8359,113113.9688,72574132855
16-10-2025,108186.0391,111990.8125,107537.0313,110782.1719,87306423067
17-10-2025,106467.7891,109235.8047,103598.4297,108179.1328,99703051669
18-10-2025,107198.2656,107490.9844,106387.4531,106483.7344,37779905278
19-10-2025,108666.7109,109488.9922,106157.7891,107204.3125,47657008953
20-10-2025,110588.9297,111711.0313,107485.0156,108667.4453,63507793085
21-10-2025,108476.8906,113996.3438,107534.75,110587.6328,1.01194E+11
22-10-2025,107688.5859,109115.1328,106778,108491.5313,80807013218
23-10-2025,110069.7266,111288.5938,107548.4297,107679.4375,54944076060
24-10-2025,111033.9219,111842.5313,109770.1484,110069.3516,48160816980
25-10-2025,111641.7266,111947.7031,110704.4063,111032.6172,24707667305
26-10-2025,114472.4453,115260.9063,111268.4844,111639.0547,41708524143
27-10-2025,114119.3281,116273.3125,113882.2891,114479.8516,61761358733
28-10-2025,112956.1641,116078.9844,112291.6797,114129.0859,64528066504
29-10-2025,110055.3047,113642.7266,109368.7188,112921.3281,62192043469
30-10-2025,108305.5469,111612.3516,106376.6875,110059.1953,69673964814
31-10-2025,109556.1641,111031.8203,108288.2734,108304.4141,60090359560
01-11-2025,110064.0156,110574.8984,109372.9531,109558.625,25871668762
02-11-2025,110639.625,111167.3125,109523.4531,110064.4297,34284209459
03-11-2025,106547.5234,110764.9141,105336.3594,110646.9063,72852006359
04-11-2025,101590.5234,107264.8828,98962.0625,106541.4219,1.10967E+11
05-11-2025,103891.8359,104534.7031,98989.91406,101579.2344,77584934804
06-11-2025,101301.2891,104147.3047,100336.8672,103893.6641,63932752861
07-11-2025,103372.4063,104052.9141,99257.05469,101286.2422,92168030081
08-11-2025,102282.1172,103373.5625,101458.0391,103371.7031,51446691095
09-11-2025,104719.6406,105418.3672,101468.875,102278.9844,59679243013
10-11-2025,105996.5938,106564.6953,104350.6484,104723.7734,69585887229
11-11-2025,102997.4688,107428.2578,102457.3281,105996.8594,71130078574
12-11-2025,101663.1875,105297.2344,100836.6172,103011.4375,64347179408
13-11-2025,99697.49219,104005.4922,97988.71875,101674.1484,1.01547E+11
14-11-2025,94397.78906,99804.42969,94000.73438,99694.70313,1.14346E+11
15-11-2025,95549.14844,96728.46875,94420.46875,94420.46875,38500716654
16-11-2025,94177.07813,96564.1875,92971.16406,95556.86719,71086235862
17-11-2025,92093.875,95928.36719,91214.75781,94180.875,94186165724
18-11-2025,92948.875,93745.07813,89300.46094,92094.53125,1.01334E+11
19-11-2025,91465.99219,92946.16406,88526.82813,92946.16406,80350354656
20-11-2025,86631.89844,93025.07031,86040.79688,91459.35156,97970645638
21-11-2025,85090.6875,87380.80469,80659.8125,86528.77344,1.29158E+11
22-11-2025,84648.35938,85503.00781,83490.89844,85098.5625,40793099246
23-11-2025,86805.00781,88038.46875,84641.77344,84648.60938,58083435576
24-11-2025,88270.5625,89206.33594,85272.19531,86798.77344,74433896110
25-11-2025,87341.89063,88457.33594,86131.42969,88269.96094,64837343545
26-11-2025,90518.36719,90581.15625,86316.89844,87345.58594,66496301869
27-11-2025,91285.375,91897.57813,90089.51563,90517.76563,57040622845
28-11-2025,90919.26563,92969.08594,90257.11719,91285.38281,60895830289
29-11-2025,90851.75781,91187.61719,90260.1875,90918.74219,37921773455
30-11-2025,90394.3125,91965.04688,90394.3125,90838.21094,38497902869
01-12-2025,86321.57031,90398.15625,83862.25,90389.10938,87962894424
02-12-2025,91350.20313,92316.63281,86202.19531,86322.53906,78546798211
03-12-2025,93527.80469,94060.77344,91056.39063,91345.09375,77650204986
04-12-2025,92141.625,94038.24219,90976.10156,93454.25781,64538402681
05-12-2025,89387.75781,92702.64063,88152.14063,92133.64844,63256398633
06-12-2025,89272.375,90267.46094,88951.66406,89389.35938,37994042405
07-12-2025,90405.64063,91740.84375,87799.5625,89277.8125,47394898960
08-12-2025,90640.20313,92267.11719,89644.89063,90424.58594,57394099056
09-12-2025,92691.71094,94601.57031,89586.97656,90639.70313,66861721440
