date,eth_open,eth_high,eth_low,eth_close,eth_volume
2023-11-23,2063.905518,2088.031982,2041.464233,2062.210693,7828437946
2023-11-24,2062.411865,2132.481201,2060.999023,2081.1521,12141148820
2023-11-25,2081.296143,2091.342773,2067.917236,2084.413086,5362623390
2023-11-26,2084.17749,2094.095947,2038.600464,2063.286133,8054814154
2023-11-27,2062.390869,2070.606201,1988.120361,2027.417358,10574810069
2023-11-28,2027.517212,2074.954102,1996.814697,2049.338135,9910633038
2023-11-29,2049.186768,2071.994385,2020.756592,2029.929199,8945151861
2023-11-30,2029.358398,2054.444336,2022.461792,2052.556152,8107789163
2023-12-01,2052.09668,2109.319092,2046.557007,2087.139893,10866891430
2023-12-02,2087.663574,2182.817871,2087.407959,2165.704102,9130124831
2023-12-03,2165.895752,2213.175781,2151.720947,2193.69165,8278465782
2023-12-04,2193.66333,2273.069824,2193.007324,2243.21582,16149367134
2023-12-05,2243.092529,2306.570313,2191.17627,2293.841797,15383072559
2023-12-06,2293.628174,2310.713135,2225.081055,2231.661377,12790612571
2023-12-07,2233.217773,2380.729736,2225.050537,2357.57959,14766891042
2023-12-08,2357.169189,2387.514404,2340.92041,2358.731934,12543458699
2023-12-09,2358.686035,2401.760498,2331.666016,2341.175293,10613312823
2023-12-10,2341.440186,2376.749756,2323.405762,2352.462646,7369608905
2023-12-11,2352.496582,2354.914063,2160.358154,2224.578857,17989249470
2023-12-12,2224.391113,2242.55127,2166.77002,2202.038086,11391132228
2023-12-13,2202.600342,2283.099121,2150.754395,2260.648682,12576395493
2023-12-14,2260.736084,2331.601563,2239.366211,2316.579102,12608711052
2023-12-15,2316.110352,2316.892822,2214.263184,2219.337402,10259157898
2023-12-16,2220.415527,2260.809814,2213.550781,2226.926514,6866555430
2023-12-17,2226.892578,2244.366455,2195.761719,2196.481201,7410453853
2023-12-18,2195.341797,2222.019287,2120.127441,2217.273438,10366536490
2023-12-19,2218.240967,2253.348877,2139.723389,2177.872559,10619179629
2023-12-20,2177.239502,2263.329102,2161.21875,2201.911377,12652290807
2023-12-21,2201.790039,2278.121582,2184.856689,2239.54248,12616530536
2023-12-22,2239.598145,2341.94751,2233.532715,2326.524902,16137246310
2023-12-23,2326.71582,2332.072021,2270.428955,2309.046387,7995772945
2023-12-24,2309.626709,2325.705078,2249.984375,2265.692139,9450799236
2023-12-25,2265.340576,2303.551025,2254.574463,2272.561768,8036302656
2023-12-26,2272.21875,2274.557373,2180.225342,2231.465332,10668581464
2023-12-27,2231.393066,2392.608643,2215.140381,2378.73999,14161342927
2023-12-28,2380.200684,2445.017578,2338.703857,2347.566162,15660799060
2023-12-29,2346.84375,2386.004639,2262.97583,2300.690674,12536968996
2023-12-30,2300.399658,2322.021484,2270.011963,2292.06543,6888195427
2023-12-31,2291.945313,2318.512939,2261.394287,2281.471191,6871481744
2024-01-01,2282.870361,2352.327881,2267.018066,2352.327881,6906765990
2024-01-02,2352.593506,2431.212402,2348.892334,2355.836426,12910543630
2024-01-03,2355.981445,2385.117676,2113.925293,2210.761963,19332933581
2024-01-04,2210.529053,2294.608154,2204.865723,2269.038086,11044564896
2024-01-05,2269.409424,2276.764648,2209.537109,2268.647217,10860953290
2024-01-06,2269.540039,2271.359375,2219.781982,2241.624756,5970741680
2024-01-07,2242.012695,2257.12793,2211.5625,2222.865967,6490053615
2024-01-08,2222.857666,2358.815674,2171.993652,2333.032715,13830287095
2024-01-09,2332.868164,2369.641602,2243.219238,2344.827148,14891130716
2024-01-10,2344.923584,2626.976807,2341.943115,2582.103516,29042100476
2024-01-11,2584.171631,2687.779053,2567.993652,2619.619141,22575246883
2024-01-12,2619.177002,2710.421875,2460.925537,2524.460205,23623839263
2024-01-13,2522.933838,2589.079834,2498.594482,2576.5979,12250316867
2024-01-14,2578.003662,2578.332275,2470.424316,2472.241211,9405587417
2024-01-15,2471.666992,2550.769043,2470.820801,2511.36377,9700630000
2024-01-16,2510.627197,2613.566895,2500.003906,2587.691162,11063317095
2024-01-17,2587.044678,2592.737061,2508.432861,2528.369385,10441017520
2024-01-18,2528.593262,2546.263916,2426.135498,2467.018799,11900028080
2024-01-19,2468.688965,2501.305176,2414.710938,2489.498535,11405278376
2024-01-20,2489.847656,2489.847656,2456.095703,2469.589111,5297826161
2024-01-21,2469.798584,2479.760498,2452.377686,2453.913086,4578471955
2024-01-22,2454.987305,2463.447266,2303.502686,2310.826416,13923771728
2024-01-23,2310.95166,2348.03125,2167.282471,2240.686035,16182147521
2024-01-24,2241.749756,2261.384521,2197.656738,2233.561768,10134722960
2024-01-25,2233.969971,2240.380859,2173.686523,2217.710205,9302247037
2024-01-26,2217.441895,2280.383789,2196.140137,2267.199707,9975117607
2024-01-27,2267.319336,2282.544434,2252.385254,2267.885986,5144367230
2024-01-28,2268.192871,2306.898682,2242.683838,2257.20874,7296214994
2024-01-29,2256.995361,2320.027344,2237.71167,2317.064209,8948195551
2024-01-30,2317.435791,2388.870605,2298.281982,2344.493652,10173440062
2024-01-31,2343.558838,2349.611328,2264.443604,2282.544434,10807883277
2024-02-01,2282.175293,2309.842529,2243.571777,2303.824707,8895583113
2024-02-02,2303.706055,2323.053467,2282.230225,2308.038086,7186143091
2024-02-03,2307.980225,2327.346924,2293.538086,2296.03833,4647754021
2024-02-04,2296.116943,2309.01123,2272.304932,2289.546143,5438100035
2024-02-05,2289.205566,2334.676758,2270.067871,2298.888916,7277068110
2024-02-06,2298.955078,2389.826172,2296.788574,2372.201904,9520885493
2024-02-07,2372.262695,2442.63623,2353.706055,2423.745117,9660628536
2024-02-08,2424.080078,2459.556641,2414.749512,2419.906494,9941841732
2024-02-09,2419.773682,2522.724609,2419.362793,2487.515625,13634203177
2024-02-10,2487.650391,2516.719727,2475.857666,2501.228271,6474444159
2024-02-11,2501.129883,2537.679199,2495.214355,2507.570557,7347245813
2024-02-12,2507.578857,2663.842773,2473.812012,2658.115967,13022696866
2024-02-13,2659.586182,2686.455078,2599.169434,2642.185303,18271237044
2024-02-14,2641.685303,2786.893555,2621.025391,2777.902344,21448973822
2024-02-15,2777.601318,2865.845459,2764.010498,2824.378906,23734481937
2024-02-16,2825.480713,2858.450439,2760.331055,2803.691406,17057114638
2024-02-17,2803.73584,2805.128662,2724.386963,2786.672607,17932379943
2024-02-18,2786.709717,2892.843506,2767.913086,2878.998047,23355830478
2024-02-19,2881.296875,2983.370605,2860.263672,2943.574707,15163110589
2024-02-20,2944.106445,3031.524414,2879.90332,3013.503662,20341598470
2024-02-21,3015.65332,3017.19043,2875.418457,2970.355469,18897136867
2024-02-22,2969.599854,3030.666016,2907.109375,2971.007324,18058908246
2024-02-23,2970.139648,2991.32959,2906.58374,2921.658203,12822717059
2024-02-24,2921.962891,3003.195068,2907.700684,2992.385986,10701688842
2024-02-25,2992.366699,3117.428955,2984.393066,3112.697266,14620450464
2024-02-26,3112.529053,3197.375,3037.95459,3178.993652,17504464351
2024-02-27,3178.405029,3287.958008,3167.830566,3244.519287,21090315368
2024-02-28,3243.893311,3485.450928,3201.575928,3385.703857,32885894265
2024-02-29,3386.802734,3518.969238,3303.905273,3341.919678,28469171094
2024-03-01,3341.96582,3452.626221,3341.851074,3435.053955,16880101987
2024-03-02,3436.15918,3459.747314,3398.898926,3422.049805,12024340617
2024-03-03,3422.875244,3491.168457,3372.214111,3490.993652,13643324467
2024-03-04,3489.340088,3641.459229,3446.017578,3630.433838,26772963830
2024-03-05,3631.928955,3828.159668,3224.119385,3554.9646,47706899137
2024-03-06,3554.067871,3901.434326,3502.80249,3819.226318,34938642613
2024-03-07,3818.311035,3939.593994,3738.685303,3874.347656,22457177587
2024-03-08,3874.830811,3998.826416,3828.363281,3892.061035,26135487051
2024-03-09,3892.119141,3950.396484,3880.658936,3915.418945,11926623780
2024-03-10,3915.590576,3968.723633,3800.564453,3881.193115,15783924355
2024-03-11,3881.237793,4087.050049,3745.125244,4066.445068,28806262507
2024-03-12,4066.69043,4092.28418,3831.889893,3980.273193,26917010932
2024-03-13,3980.265137,4083.007324,3936.627197,4006.457031,22028114691
2024-03-14,4005.745117,4011.102783,3721.788574,3883.140381,25434810823
2024-03-15,3882.856934,3928.775635,3571.774658,3735.220215,33505075433
2024-03-16,3736.10498,3780.894531,3468.079346,3522.860107,20199855932
2024-03-17,3523.029785,3676.263428,3414.172363,3642.413086,19938757095
2024-03-18,3642.298828,3642.49707,3456.091309,3517.985107,21162220224
2024-03-19,3518.347656,3546.582275,3149.286865,3157.618164,34166976701
2024-03-20,3158.396729,3534.826416,3059.654785,3513.393066,36605316331
2024-03-21,3514.017578,3586.905029,3412.222656,3492.991211,22213647922
2024-03-22,3492.897949,3541.898193,3254.969238,3333.687988,20574952329
2024-03-23,3335.592529,3433.758057,3273.115479,3336.593994,13242137554
2024-03-24,3336.666016,3470.344482,3301.277344,3454.636475,12156660941
2024-03-25,3454.885742,3657.118896,3421.790527,3590.883789,18603921705
2024-03-26,3591.085205,3678.789795,3545.428711,3587.504883,18505553577
2024-03-27,3587.313721,3664.383057,3460.393555,3500.115234,18753082145
2024-03-28,3500.216064,3609.705322,3465.332275,3561.293945,16419674157
2024-03-29,3561.011719,3583.701416,3475.725586,3511.806152,12712701619
2024-03-30,3511.827637,3566.084473,3489.9021,3507.944336,9389066783
2024-03-31,3507.95166,3655.218994,3507.242676,3647.856445,10499881424
2024-04-01,3647.81958,3648.12915,3418.695313,3505.030029,16002098681
2024-04-02,3504.818359,3506.962891,3215.985107,3277.234619,22076539151
2024-04-03,3277.324219,3368.111572,3205.64917,3311.441895,16010734587
2024-04-04,3311.495361,3443.20752,3253.319336,3330.040527,14476330517
2024-04-05,3330.005859,3345.666504,3214.244141,3318.885254,15214447092
2024-04-06,3318.864746,3397.592529,3308.983398,3354.183838,8956926798
2024-04-07,3354.213867,3458.508301,3346.114746,3453.494629,9931108526
2024-04-08,3453.498779,3727.616455,3409.511719,3695.292725,19055143129
2024-04-09,3695.341797,3724.922363,3455.107666,3505.16333,18279773833
2024-04-10,3505.156006,3561.516357,3415.18042,3543.737061,16872482726
2024-04-11,3543.452148,3616.194336,3477.171143,3505.247803,14076734489
2024-04-12,3505.329834,3552.589111,3103.430176,3243.034912,22104869556
2024-04-13,3242.940918,3299.663818,2862.393555,3004.900391,29930408174
2024-04-14,3005.547607,3174.666504,2914.422852,3156.941895,25486284994
2024-04-15,3156.830078,3277.561523,3026.538818,3101.600342,21925843181
2024-04-16,3101.140625,3127.160889,2997.754639,3084.920166,19441391169
2024-04-17,3084.923584,3123.669678,2918.553711,2984.727539,17711869375
2024-04-18,2984.705322,3094.842041,2956.127441,3066.027588,15183777035
2024-04-19,3065.953125,3127.11499,2868.795898,3059.278564,20399982867
2024-04-20,3059.478027,3170.672852,3021.784912,3157.627197,9918642130
2024-04-21,3157.571045,3197.506348,3119.552002,3147.288574,9394387894
2024-04-22,3147.663574,3236.65918,3131.367432,3201.6521,12063858733
2024-04-23,3201.588623,3264.419434,3154.589844,3219.911621,11054442653
2024-04-24,3219.957031,3292.921631,3105.982178,3139.805176,14000234760
2024-04-25,3139.624268,3190.976318,3074.804688,3156.509521,13989030260
2024-04-26,3156.384033,3166.188721,3103.104004,3130.164795,10622333862
2024-04-27,3129.727051,3279.451172,3071.340088,3252.168213,11820785577
2024-04-28,3252.245605,3351.176514,3249.14917,3262.774658,11379192678
2024-04-29,3262.34082,3285.46875,3116.199951,3215.428955,15032246816
2024-04-30,3215.381104,3249.378418,2918.22876,3012.286865,18266894653
2024-05-01,3011.015625,3020.17334,2815.92334,2969.784668,20005057445
2024-05-02,2969.794434,3015.050293,2894.329834,2988.168457,13163903903
2024-05-03,2988.134521,3127.155273,2960.182129,3103.541992,12862183229
2024-05-04,3103.619629,3167.54126,3096.267578,3117.576416,8283229638
2024-05-05,3117.636963,3170.055176,3075.586182,3137.249023,8783447639
2024-05-06,3137.510254,3220.152344,3048.238525,3062.72876,13008587255
2024-05-07,3062.750977,3129.081299,3003.013672,3006.577148,11743187337
2024-05-08,3006.315674,3037.196045,2938.472656,2973.657227,11791662158
2024-05-09,2973.97168,3057.958252,2951.223877,3036.020508,10861947179
2024-05-10,3036.231201,3052.729492,2881.000732,2909.79126,12278653601
2024-05-11,2909.845459,2942.178711,2888.083252,2911.602051,6795916454
2024-05-12,2911.658203,2953.047363,2902.201904,2928.701904,5908941395
2024-05-13,2928.813965,2994.869141,2865.134521,2949.359619,13352264795
2024-05-14,2949.213135,2959.546631,2863.545898,2881.157959,12444516140
2024-05-15,2881.224609,3041.602295,2864.735352,3037.056641,14666902956
2024-05-16,3036.01416,3041.807129,2925.087402,2945.131104,13035465176
2024-05-17,2945.136963,3120.301758,2934.112549,3094.118652,14449438097
2024-05-18,3094.553467,3146.790527,3087.704346,3122.948975,9407051320
2024-05-19,3122.824707,3137.148438,3056.754395,3071.843018,8747800800
2024-05-20,3071.858887,3690.805908,3050.297852,3663.855469,31228143948
2024-05-21,3663.01123,3837.372803,3628.096436,3789.312744,37643853967
2024-05-22,3789.372803,3810.948486,3655.075195,3737.217773,25155809461
2024-05-23,3737.178467,3943.553955,3552.642578,3776.927246,45623656317
2024-05-24,3776.992432,3825.122559,3631.990234,3726.93457,22257061429
2024-05-25,3726.975586,3776.006592,3710.52832,3749.236572,10000027764
2024-05-26,3749.179932,3879.470703,3732.022949,3825.897461,14650794791
2024-05-27,3826.127197,3973.556396,3821.93042,3892.006836,18949181813
2024-05-28,3892.096924,3924.895752,3771.213867,3840.256348,19846044324
2024-05-29,3840.235107,3880.648438,3742.04126,3763.196533,17411416736
2024-05-30,3763.357666,3823.643311,3702.263672,3746.849609,15065849797
2024-05-31,3746.861572,3843.857666,3723.835205,3760.026611,15290700646
2024-06-01,3759.884277,3829.294678,3749.840088,3813.198975,8661024535
2024-06-02,3813.275635,3834.911865,3752.414551,3780.895996,11126903059
2024-06-03,3780.854248,3848.603027,3758.919922,3766.38916,14082454300
2024-06-04,3766.476318,3831.36499,3738.134277,3812.515869,13331489271
2024-06-05,3812.560791,3887.48584,3778.655762,3864.260986,15480034434
2024-06-06,3864.263428,3878.052246,3761.775391,3811.605957,13606583873
2024-06-07,3811.666016,3838.452148,3615.280273,3678.62915,18220286186
2024-06-08,3677.400391,3707.497314,3669.637939,3680.949951,9096091805
2024-06-09,3680.936035,3719.367676,3668.123535,3705.903809,7910768788
2024-06-10,3705.877197,3711.428711,3648.164551,3666.717529,10377300126
2024-06-11,3666.358887,3669.890869,3434.749023,3498.330566,19184721538
2024-06-12,3497.896973,3652.492188,3463.784912,3559.617676,17142905351
2024-06-13,3559.725342,3559.725342,3431.333496,3469.28125,14472382154
2024-06-14,3467.969971,3528.602295,3366.223877,3480.271973,15793876596
2024-06-15,3479.785645,3589.887451,3473.452637,3565.549561,12733651076
2024-06-16,3566.761963,3648.093018,3541.534424,3620.563477,9878388158
2024-06-17,3622.383545,3634.2854,3468.148926,3511.378906,17838856988
2024-06-18,3510.565186,3514.177246,3371.590332,3483.681396,21022514455
2024-06-19,3482.35083,3583.320068,3466.480957,3559.347412,15275373778
2024-06-20,3559.347412,3623.886475,3485.459961,3511.086914,16115123753
2024-06-21,3511.268311,3542.957275,3447.935547,3516.075684,15933353456
2024-06-22,3516.55127,3519.497559,3477.169922,3494.813477,7423703673
2024-06-23,3494.953857,3519.324951,3408.583008,3418.611816,9418141333
2024-06-24,3418.783203,3430.698975,3244.241455,3350.256348,23137744903
2024-06-25,3350.555664,3422.213379,3335.556885,3395.029053,13235546063
2024-06-26,3394.373291,3421.509521,3328.390625,3369.477295,11694054195
2024-06-27,3368.88623,3470.923096,3362.264648,3444.800537,11771834016
2024-06-28,3445.498779,3482.95752,3363.4375,3373.635986,12861158844
2024-06-29,3373.689941,3401.730225,3369.552734,3372.967773,6584792001
2024-06-30,3373.075684,3453.211426,3352.284424,3432.88916,8396416013
2024-07-01,3432.607422,3513.310791,3425.323242,3440.341553,12281551839
2024-07-02,3439.381348,3459.761475,3399.026123,3416.354736,9421757718
2024-07-03,3416.254883,3426.332275,3254.52124,3292.916748,16121324440
2024-07-04,3291.817871,3309.203613,3054.521973,3054.521973,20252514386
2024-07-05,3057.833252,3106.152588,2826.014404,2981.598633,31131942647
2024-07-06,2981.988037,3080.107422,2957.395752,3069.37793,11586293705
2024-07-07,3067.405029,3072.814453,2923.959229,2929.387207,10857947538
2024-07-08,2929.861572,3090.664551,2826.481689,3018.731934,22627377457
2024-07-09,3018.803223,3105.800537,3005.522217,3064.032959,15269945822
2024-07-10,3066.137207,3148.407471,3026.608398,3102.21875,14578679176
2024-07-11,3101.335205,3208.938477,3057.219238,3100.330811,15230095766
2024-07-12,3099.98999,3154.601563,3048.508057,3134.158691,12751638331
2024-07-13,3134.550537,3199.989502,3115.080322,3177.19873,8565105946
2024-07-14,3176.741455,3266.487549,3166.431152,3244.079102,10517709666
2024-07-15,3246.131592,3494.098389,3235.776123,3489.552734,18305490390
2024-07-16,3486.144043,3498.218994,3351.779785,3443.513428,20446664416
2024-07-17,3446.736816,3516.104248,3379.099609,3388.752441,16739123962
2024-07-18,3388.030029,3488.715576,3374.990479,3426.258545,15035622003
2024-07-19,3425.908691,3540.588379,3377.877686,3505.734863,17705629736
2024-07-20,3505.721436,3539.904297,3482.489014,3519.29541,10360198325
2024-07-21,3519.426514,3546.619141,3415.443848,3536.605469,13845913681
2024-07-22,3536.627197,3560.075439,3425.795654,3440.419922,18723199034
2024-07-23,3440.768311,3539.531738,3395.420898,3481.99585,24468405650
2024-07-24,3482.151855,3487.653076,3304.039307,3336.339355,16040945448
2024-07-25,3336.362305,3341.438477,3088.764404,3174.427246,25293745810
2024-07-26,3174.051025,3285.760986,3172.7771,3275.951416,15993893521
2024-07-27,3275.891602,3327.426514,3195.356689,3247.60791,15198233287
2024-07-28,3247.507324,3283.1521,3201.763184,3271.4646,8959236446
2024-07-29,3271.453369,3396.625732,3257.715576,3320.539307,18334852719
2024-07-30,3320.635254,3365.32251,3235.76001,3278.667725,14045773047
2024-07-31,3278.686523,3347.636475,3216.071777,3231.295654,16135380637
2024-08-01,3231.248779,3241.777344,3078.543945,3201.564453,20217639556
2024-08-02,3201.599365,3214.5271,2965.733887,2986.013184,21400241741
2024-08-03,2985.950928,3015.296143,2861.17749,2903.385742,17844091431
2024-08-04,2903.088623,2931.47168,2639.56665,2686.398926,21139601426
2024-08-05,2686.027588,2695.886719,2122.546143,2417.206299,67668132244
2024-08-06,2417.269775,2553.581055,2416.5271,2458.723877,26041995921
2024-08-07,2458.989014,2551.560791,2312.168701,2336.589355,24264218606
2024-08-08,2336.915039,2721.95459,2322.529541,2683.352783,23468291180
2024-08-09,2683.719971,2706.451172,2555.229492,2599.598633,17907141655
2024-08-10,2599.582275,2642.925781,2580.661865,2610.022949,9361014219
2024-08-11,2609.969727,2718.797607,2544.174805,2553.252197,13595441987
2024-08-12,2553.496582,2749.13501,2513.394043,2724.431885,21653090666
2024-08-13,2724.303467,2737.990479,2613.80127,2703.671875,16383053029
2024-08-14,2703.586914,2775.281006,2636.705322,2662.914795,15825365408
2024-08-15,2662.885498,2675.314453,2518.670654,2570.087646,16345801912
2024-08-16,2570.085205,2629.383545,2553.071533,2593.186523,13275561555
2024-08-17,2593.166992,2626.672852,2588.785156,2614.546875,6676568717
2024-08-18,2614.109619,2684.031006,2596.735107,2613.357178,9207267415
2024-08-19,2612.718506,2648.284424,2566.401123,2637.306396,11968963282
2024-08-20,2637.306396,2695.913818,2556.747559,2573.106934,13249483464
2024-08-21,2573.108887,2662.953369,2538.657715,2631.395508,12766015263
2024-08-22,2630.864258,2644.82373,2587.110596,2622.951416,10723280428
2024-08-23,2622.916016,2799.329834,2622.581055,2764.447021,16857181970
2024-08-24,2765.481445,2820.020508,2737.776611,2769.389648,11765811307
2024-08-25,2769.098145,2793.012939,2736.088867,2749.157715,9375535539
2024-08-26,2749.247559,2763.00415,2668.886719,2681.340576,12282035835
2024-08-27,2681.622803,2700.152832,2401.175049,2458.726563,18028996056
2024-08-28,2458.904785,2553.820068,2422.293701,2528.415527,20359545410
2024-08-29,2528.362305,2595.977051,2507.502441,2528.792725,13946434277
2024-08-30,2528.732178,2539.915283,2432.834473,2525.822021,15526218255
2024-08-31,2525.859131,2532.389893,2493.705566,2513.393799,6646876013
2024-09-01,2513.424316,2515.467285,2401.88916,2427.902344,11800443265
2024-09-02,2427.973389,2563.085938,2426.095947,2538.187256,12520444224
2024-09-03,2538.160645,2552.802734,2419.875244,2420.60376,11406800197
2024-09-04,2420.192383,2488.916504,2313.265137,2448.977051,16709600747
2024-09-05,2448.986816,2465.385254,2348.863281,2367.737549,13632325040
2024-09-06,2367.700928,2406.511963,2150.863281,2223.876465,25825618367
2024-09-07,2223.929199,2310.194824,2222.10083,2274.107178,11124608320
2024-09-08,2274.437744,2332.359375,2243.911377,2297.292969,10718443487
2024-09-09,2297.89624,2379.786621,2274.115479,2358.482178,15887712451
2024-09-10,2358.497803,2398.503906,2323.071777,2389.581055,12795818970
2024-09-11,2389.60376,2389.718262,2279.053711,2339.841553,15355180967
2024-09-12,2339.84082,2390.186768,2316.157715,2361.781738,12162634681
2024-09-13,2361.740967,2462.802979,2338.144043,2441.607178,13759640866
2024-09-14,2441.580811,2442.63208,2386.979736,2418.595703,8170291680
2024-09-15,2418.266113,2430.383301,2286.628174,2320.897217,10155470375
2024-09-16,2320.894531,2334.789795,2253.715088,2295.283691,16819033263
2024-09-17,2295.284424,2392.14917,2263.792969,2341.707764,15356783863
2024-09-18,2341.73291,2369.729004,2278.664551,2369.729004,18159056422
2024-09-19,2369.374756,2492.20459,2369.374756,2464.752197,18437147349
2024-09-20,2464.782227,2571.992676,2439.37793,2561.072021,19112788620
2024-09-21,2560.879639,2621.622559,2530.837891,2615.857178,10797825021
2024-09-22,2615.848145,2632.039307,2528.522217,2582.862549,13180663011
2024-09-23,2582.774902,2701.677734,2541.9104,2648.546387,19912841456
2024-09-24,2648.482178,2671.275879,2593.1521,2654.35498,16658812503
2024-09-25,2654.361572,2672.461914,2557.724365,2579.388672,14119729962
2024-09-26,2579.217529,2665.992676,2559.954346,2632.199951,17336033595
2024-09-27,2632.241943,2728.067627,2616.950928,2695.900635,17023020294
2024-09-28,2695.815918,2704.928711,2652.250488,2677.539063,10252590559
2024-09-29,2677.628662,2683.445801,2635.584961,2659.346924,11126215671
2024-09-30,2659.292725,2662.489014,2576.976074,2603.062744,17826446789
2024-10-01,2603.26416,2657.615479,2415.078613,2448.921143,25482371785
2024-10-02,2448.877197,2498.121338,2354.539307,2365.231689,20148256472
2024-10-03,2365.213623,2402.862549,2311.027832,2349.79126,18051447791
2024-10-04,2349.73291,2440.242432,2339.87085,2414.793945,14879264082
2024-10-05,2414.847168,2427.517578,2390.844482,2415.631836,8152969183
2024-10-06,2415.531738,2456.630615,2407.099365,2439.957764,8458690205
2024-10-07,2439.944824,2520.40625,2405.134277,2421.796631,17414044416
2024-10-08,2421.980957,2464.127441,2400.510742,2439.84082,14067361080
2024-10-09,2439.840088,2470.913086,2350.946533,2368.283447,14954047093
2024-10-10,2368.273193,2417.288086,2329.784668,2383.85791,15327769940
2024-10-11,2383.940186,2470.395752,2380.504639,2436.513428,13489061564
2024-10-12,2436.515625,2488.237793,2434.202881,2476.523193,9372169184
2024-10-13,2476.520264,2484.129395,2436.969727,2467.677002,9189490605
2024-10-14,2467.647461,2652.881836,2443.552979,2628.899902,21434687898
2024-10-15,2629.017578,2685.166748,2537.940918,2606.021973,22003780898
2024-10-16,2606.019531,2644.854248,2589.606934,2611.102051,17012396419
2024-10-17,2611.192139,2646.874023,2577.305908,2604.273438,15150712321
2024-10-18,2604.814453,2674.371826,2595.958984,2641.552246,17043738652
2024-10-19,2641.488281,2661.872803,2631.656982,2648.656982,8557834553
2024-10-20,2648.665771,2756.436768,2635.945801,2746.364014,14559296242
2024-10-21,2746.305664,2765.549561,2655.294434,2665.712158,17328615363
2024-10-22,2665.656738,2669.790039,2605.618652,2620.19751,15541911074
2024-10-23,2620.088623,2624.450439,2457.169922,2509.098877,17876984551
2024-10-24,2523.606934,2559.151367,2506.7229,2534.498535,16128627601
2024-10-25,2534.454834,2563.734131,2381.450684,2435.934082,22560233078
2024-10-26,2436.050049,2503.230469,2427.461426,2479.603271,13597102184
2024-10-27,2479.937012,2523.171387,2462.271973,2505.940674,9801434566
2024-10-28,2505.590576,2587.430176,2470.268311,2565.348145,18971841402
2024-10-29,2565.417969,2680.054443,2560.153809,2637.95752,22185845095
2024-10-30,2637.640137,2720.271484,2600.609619,2657.372559,22382690746
2024-10-31,2657.213135,2667.55957,2501.572266,2515.799316,19760409505
2024-11-01,2515.870361,2583.7771,2467.819336,2511.885498,20215438328
2024-11-02,2512.208252,2522.360596,2471.955566,2491.068604,9639457439
2024-11-03,2491.094482,2495.436523,2411.398438,2456.425293,15667779706
2024-11-04,2456.095215,2488.350342,2359.578125,2397.026367,17110200696
2024-11-05,2397.036377,2478.618896,2380.601318,2422.650635,17894057485
2024-11-06,2422.539307,2743.964111,2421.812988,2724.169189,41887574364
2024-11-07,2724.005859,2918.744385,2701.59082,2895.585449,35352318438
2024-11-08,2895.5979,2983.744873,2889.484375,2962.296631,32303261101
2024-11-09,2962.791016,3156.366211,2957.182373,3131.144531,29210133088
2024-11-10,3130.729248,3249.914063,3073.248779,3191.331299,47418730187
2024-11-11,3191.656982,3389.529297,3109.769531,3374.812988,55417771668
2024-11-12,3375.154785,3444.154053,3211.198486,3246.257324,56686078066
2024-11-13,3244.543213,3337.877197,3121.666016,3192.595947,52010205682
2024-11-14,3192.520508,3240.270752,3032.971924,3058.94873,35743352141
2024-11-15,3059.526123,3130.703857,3016.144043,3103.040527,32701369872
2024-11-16,3089.73999,3218.0896,3073.286377,3133.273926,26650658846
2024-11-17,3133.306641,3160.152588,3039.246826,3075.661621,28348163224
2024-11-18,3075.7229,3225.130615,3052.491211,3207.856445,35445557613
2024-11-19,3208.250488,3222.004395,3070.362793,3111.384033,29823634432
2024-11-20,3111.116943,3159.949463,3032.603271,3072.187988,29785491216
2024-11-21,3072.055176,3388.542969,3035.84668,3361.053955,51619069348
2024-11-22,3360.654297,3428.460449,3262.808838,3331.60083,36775716442
2024-11-23,3331.645508,3499.37085,3317.654785,3396.223389,38835184688
2024-11-24,3396.999512,3451.802246,3288.430908,3363.659912,27901454185
2024-11-25,3364.601563,3545.278809,3304.093994,3413.543945,51544793988
2024-11-26,3412.950928,3461.292969,3255.542969,3326.517334,39902959158
2024-11-27,3326.029053,3687.009033,3303.567871,3657.249268,43383987191
2024-11-28,3656.609619,3664.878174,3531.870605,3579.811523,32362724276
2024-11-29,3579.910645,3647.264404,3538.446777,3593.494385,27622629486
2024-11-30,3593.598145,3739.934814,3572.25415,3705.705322,30670867436
2024-12-01,3706.619873,3747.455322,3663.234131,3711.165039,28018113530
2024-12-02,3710.495361,3761.343018,3557.252197,3644.198486,47284967570
2024-12-03,3643.742188,3670.219727,3504.226318,3620.71167,36839829742
2024-12-04,3620.037598,3895.174316,3617.744629,3841.331055,56799745752
2024-12-05,3840.844482,3956.541504,3683.420898,3811.008301,60568296606
2024-12-06,3792.208496,4093.172119,3782.681396,4005.810547,52853668566
2024-12-07,4006.028809,4029.452881,3974.17627,4002.692627,22574636761
2024-12-08,4007.690674,4018.0,3927.854004,4005.70459,20943378971
2024-12-09,4006.101807,4008.777832,3525.23291,3718.69043,57029832059
2024-12-10,3719.000488,3780.753418,3520.365234,3631.83374,58416417599
2024-12-11,3631.276123,3850.765381,3567.566406,3832.822021,35968053196
2024-12-12,3833.172119,3987.005859,3800.09082,3883.101563,42971675764
2024-12-13,3883.030029,3967.395264,3855.023682,3911.205322,34895127659
2024-12-14,3910.8479,3943.278076,3826.761963,3868.405273,28756190559
2024-12-15,3868.441162,3971.498047,3832.09668,3951.941162,25069616984
2024-12-16,3951.652832,4106.955566,3882.705322,3987.480957,46536359669
2024-12-17,3987.333984,4040.337891,3849.286621,3886.766113,35418700472
2024-12-18,3886.886963,3902.715576,3617.840576,3618.79126,48946681636
2024-12-19,3619.582031,3717.662354,3330.872559,3417.927979,58879190250
2024-12-20,3417.930176,3496.327393,3098.203613,3472.553467,66383827229
2024-12-21,3472.589111,3552.921631,3293.505615,3337.222412,31579389836
2024-12-22,3336.998779,3398.657471,3219.294922,3277.535156,24780768375
2024-12-23,3277.51416,3461.527832,3217.368652,3415.7854,34496081389
2024-12-24,3415.738037,3535.857666,3355.609131,3492.049805,23083678195
2024-12-25,3491.95752,3542.83374,3440.097168,3493.235352,17651873225
2024-12-26,3493.304199,3512.604492,3302.306396,3331.22583,22247726776
2024-12-27,3331.053711,3436.710693,3302.575684,3328.916992,24091627403
2024-12-28,3328.774658,3419.920166,3318.033936,3397.902344,14305648523
2024-12-29,3397.862549,3406.648438,3321.664795,3349.513428,13440907792
2024-12-30,3349.585938,3428.527344,3298.804443,3356.392578,26981583962
2024-12-31,3356.394775,3444.396729,3311.412598,3332.531738,20845452085
2025-01-01,3332.406494,3366.531494,3310.255859,3353.50415,14195410493
2025-01-02,3353.412109,3493.448242,3348.352051,3451.392578,22243574698
2025-01-03,3451.680908,3627.055664,3421.831543,3605.009766,21877299255
2025-01-04,3605.200684,3669.196777,3574.326904,3657.706787,16060610759
2025-01-05,3657.743164,3673.812988,3594.616943,3634.10376,12830306908
2025-01-06,3634.11377,3743.94165,3611.214355,3688.611328,23973574043
2025-01-07,3688.341309,3701.106934,3358.089844,3381.577393,32235312545
2025-01-08,3381.615479,3413.682861,3209.2146,3326.329346,34337730882
2025-01-09,3326.359619,3355.862305,3159.384033,3219.430664,28815726276
2025-01-10,3219.496582,3320.500488,3196.110352,3267.48999,26503845190
2025-01-11,3267.522461,3317.654297,3219.69873,3282.217773,11772144561
2025-01-12,3282.150391,3298.018311,3224.510498,3265.951172,11647743556
2025-01-13,3266.095459,3335.193604,2920.592773,3135.499756,39911742769
2025-01-14,3135.670166,3254.751465,3126.805908,3223.68457,22847737224
2025-01-15,3223.68457,3473.101563,3186.139893,3450.537598,25991614661
2025-01-16,3450.305176,3458.180664,3265.675781,3308.345215,26395516475
2025-01-17,3308.191162,3525.543457,3307.311035,3474.107178,28200207229
2025-01-18,3473.563721,3493.060059,3228.33374,3305.789551,32420094038
2025-01-19,3305.397949,3444.206543,3127.623047,3208.964355,57242875399
2025-01-20,3208.933838,3444.282715,3147.522949,3278.0354,52383187336
2025-01-21,3278.436035,3365.778076,3202.492676,3327.40625,32804001146
2025-01-22,3327.237305,3364.746094,3223.385986,3240.224609,22171220981
2025-01-23,3240.475342,3346.732422,3184.066895,3334.714111,32419520084
2025-01-24,3334.80835,3424.899902,3277.323242,3309.554932,25578325671
2025-01-25,3309.71167,3349.29834,3270.273193,3317.269531,13744316078
2025-01-26,3317.291504,3359.3125,3233.922119,3236.134277,14471528757
2025-01-27,3235.855225,3250.396484,3024.091553,3178.92041,39412486482
2025-01-28,3179.086914,3222.737305,3040.092285,3077.112549,20718206194
2025-01-29,3076.380127,3177.980469,3055.181641,3112.999023,22727786058
2025-01-30,3113.289795,3282.986328,3093.123779,3247.780029,19958405782
2025-01-31,3247.867188,3437.569092,3214.935547,3298.265137,30128115902
2025-02-01,3298.822266,3329.655273,3103.918945,3118.328613,19917507079
2025-02-02,3118.611572,3161.894287,2755.474609,2868.692871,42060930305
2025-02-03,2868.078613,2919.477295,2159.280518,2884.56665,92453553253
2025-02-04,2883.818359,2888.25,2636.165771,2735.05127,48795275985
2025-02-05,2735.22583,2824.400146,2701.10498,2787.779053,31960764447
2025-02-06,2787.658691,2857.14209,2662.445801,2688.400879,29500645692
2025-02-07,2688.897461,2798.028809,2564.968262,2622.211182,29526663418
2025-02-08,2623.001953,2665.484619,2591.778564,2632.30835,17059263074
2025-02-09,2632.578125,2695.222412,2530.435791,2628.721191,17517088276
2025-02-10,2628.650146,2692.808594,2564.018555,2661.166748,19414208113
2025-02-11,2661.315674,2724.902344,2565.397217,2602.781982,21156550492
2025-02-12,2602.828125,2794.867432,2551.174561,2736.9021,26919387954
2025-02-13,2737.028564,2756.443359,2615.667725,2675.902588,19481004625
2025-02-14,2675.939453,2790.023682,2666.268066,2726.091553,17732289901
2025-02-15,2726.074707,2738.681152,2668.531738,2693.559814,10803019357
2025-02-16,2693.5625,2724.096436,2655.297607,2663.315918,10593602117
2025-02-17,2663.229492,2848.78418,2640.182129,2743.199707,24170425078
2025-02-18,2743.022949,2754.676758,2606.900391,2669.338867,23004152928
2025-02-19,2669.213379,2735.917725,2656.375732,2715.770996,15272401903
2025-02-20,2715.682617,2770.030518,2708.216064,2740.386475,15917259320
2025-02-21,2740.022217,2842.827148,2616.919434,2659.655518,31441524621
2025-02-22,2660.035889,2797.057861,2653.867432,2764.029297,16403164397
2025-02-23,2764.031006,2850.610352,2746.773682,2821.310303,20493767269
2025-02-24,2820.456299,2839.01001,2478.899414,2513.821289,29127380459
2025-02-25,2514.210938,2529.669189,2326.63208,2493.592529,40044790246
2025-02-26,2493.381592,2503.422119,2255.054932,2331.452637,28815111323
2025-02-27,2331.510254,2378.087402,2230.448242,2305.484375,24286213447
2025-02-28,2305.560059,2310.949219,2076.169922,2237.905273,35737904667
2025-03-01,2237.942139,2279.873047,2144.090088,2216.643311,16135258239
2025-03-02,2216.521729,2548.811768,2175.321533,2519.69458,34854193845
2025-03-03,2519.531006,2522.31665,2097.076172,2145.573975,31473561910
2025-03-04,2145.652832,2220.358643,1996.767578,2170.015137,33935738380
2025-03-05,2169.986816,2272.797363,2156.099365,2241.977295,22105432727
2025-03-06,2241.906494,2319.39624,2177.677002,2202.476807,18509069102
2025-03-07,2202.498291,2254.232422,2103.472656,2138.987549,22425792863
2025-03-08,2139.797852,2232.327148,2107.728027,2201.510254,10533204814
2025-03-09,2201.70874,2210.313721,1991.193481,2015.509155,16103964994
2025-03-10,2015.43042,2150.706299,1812.766846,1861.151367,35005066442
2025-03-11,1859.77771,1961.797729,1760.941772,1919.844971,30898385863
2025-03-12,1919.664795,1954.571167,1832.019043,1908.982666,22898872951
2025-03-13,1909.015381,1919.688232,1823.525391,1862.969604,17977225564
2025-03-14,1862.997925,1945.091431,1861.105957,1909.467529,12122715282
2025-03-15,1909.528076,1955.238403,1904.965698,1937.394653,6456484591
2025-03-16,1937.384766,1940.474365,1863.489014,1887.435059,9292997638
2025-03-17,1887.449219,1951.625977,1880.484375,1927.00293,10436892087
2025-03-18,1927.005737,1935.182007,1872.508911,1932.543457,10170844746
2025-03-19,1932.544556,2068.764404,1928.249512,2057.749023,20065206266
2025-03-20,2057.951172,2067.483643,1952.243286,1982.099854,13217865782
2025-03-21,1981.853027,1994.891479,1937.211548,1964.847534,9708125480
2025-03-22,1964.94043,2005.041138,1964.270996,1980.037842,6117036512
2025-03-23,1979.983643,2019.889404,1977.709351,2005.299194,7522339707
2025-03-24,2005.718384,2101.983398,1978.763794,2077.479004,14044912402
2025-03-25,2078.568115,2096.518311,2038.644531,2067.76416,11735658914
2025-03-26,2067.508789,2078.369141,1982.412354,2009.189331,13178523590
2025-03-27,2008.940552,2037.396118,1987.717773,2002.357422,11593274543
2025-03-28,2002.410522,2015.454346,1863.01062,1895.50293,18160526498
2025-03-29,1895.549683,1911.900879,1799.200806,1827.320313,12194771785
2025-03-30,1827.311035,1847.570557,1769.41272,1806.218628,9854857162
2025-03-31,1806.316528,1852.551392,1778.692261,1823.47998,15765030938
2025-04-01,1823.562378,1926.302979,1820.350342,1905.491455,15001220420
2025-04-02,1905.484619,1951.180298,1782.760254,1795.313232,22593742104
2025-04-03,1794.976074,1844.071045,1751.380859,1815.637207,16450974373
2025-04-04,1815.609863,1833.956787,1760.588623,1815.335205,18061720814
2025-04-05,1815.344971,1826.298584,1767.51355,1805.973267,6374712479
2025-04-06,1805.963013,1815.574829,1539.437988,1576.728027,22154445576
2025-04-07,1576.949829,1634.041138,1415.373535,1555.240967,46073959047
2025-04-08,1554.932129,1617.339844,1447.610107,1472.553101,21315312919
2025-04-09,1472.60144,1687.187988,1386.799316,1668.040039,39252195855
2025-04-10,1668.201782,1669.394165,1474.914185,1522.518799,21379604307
2025-04-11,1522.473022,1587.538574,1505.001953,1567.14978,14871838813
2025-04-12,1567.155762,1666.017578,1546.81958,1643.528564,12110995013
2025-04-13,1643.501099,1648.286743,1564.838867,1596.685791,13909890792
2025-04-14,1596.881836,1689.857544,1596.086548,1622.769897,16518325094
2025-04-15,1622.771851,1659.836182,1585.229126,1588.632446,13175452875
2025-04-16,1589.031006,1610.782104,1540.033813,1578.105347,15339621551
2025-04-17,1578.01416,1615.306885,1564.195679,1582.54834,11312160796
2025-04-18,1582.397217,1599.41687,1573.903931,1588.924683,7123507323
2025-04-19,1588.969727,1629.051514,1585.473022,1612.922852,7168138700
2025-04-20,1612.966064,1618.436768,1566.691528,1587.514282,7642784469
2025-04-21,1587.460938,1656.119629,1566.147461,1579.734497,15403785611
2025-04-22,1579.815186,1773.63916,1542.000366,1757.331665,23747917555
2025-04-23,1757.196533,1829.709961,1746.924072,1796.104248,22904644756
2025-04-24,1795.979492,1801.691406,1724.740723,1769.831665,15207402759
2025-04-25,1770.003662,1826.696045,1740.331909,1786.634521,17459399281
2025-04-26,1786.532959,1839.363037,1781.473877,1821.881104,11926379867
2025-04-27,1822.175537,1856.443848,1785.9021,1792.86499,11321944113
2025-04-28,1792.446167,1827.4823,1747.726807,1798.851807,17043640437
2025-04-29,1798.912231,1842.033081,1782.28125,1799.175659,14734257744
2025-04-30,1799.209106,1816.689941,1736.142944,1793.775391,14810431362
2025-05-01,1794.041016,1872.939575,1793.151123,1839.221558,15861442721
2025-05-02,1839.174805,1869.530029,1814.730469,1842.707886,13570171872
2025-05-03,1842.71814,1848.246826,1812.815674,1833.839722,8344452620
2025-05-04,1833.647217,1849.998535,1804.495117,1808.594238,8918979887
2025-05-05,1808.704956,1832.050781,1783.314819,1819.69751,11389336489
2025-05-06,1819.734009,1820.796631,1753.31543,1815.087524,13206516310
2025-05-07,1815.018921,1849.658447,1788.687378,1811.606689,50540755039
2025-05-08,1811.546387,2222.205566,1809.456909,2206.514648,37777245241
2025-05-09,2206.128174,2486.006836,2186.054443,2345.507324,43766026875
2025-05-10,2345.760498,2597.543457,2320.235107,2582.422607,30265913403
2025-05-11,2582.710449,2603.264404,2441.730713,2510.237793,26496368543
2025-05-12,2510.289307,2620.897217,2411.594482,2496.397705,32121858921
2025-05-13,2496.337402,2736.890137,2418.325684,2680.129639,33528741590
2025-05-14,2680.262207,2721.949951,2549.685059,2610.063232,26602676588
2025-05-15,2610.027832,2645.074219,2482.212891,2546.856934,26637688883
2025-05-16,2547.05835,2645.60791,2532.0271,2536.297607,21298907763
2025-05-17,2536.297607,2537.781738,2449.069336,2475.754395,18830706230
2025-05-18,2475.769531,2585.697021,2344.668213,2498.233643,25005164865
2025-05-19,2498.800049,2545.461182,2353.427002,2529.166748,27351331811
2025-05-20,2529.13501,2585.619873,2446.446777,2524.173096,23453322578
2025-05-21,2524.15918,2614.060791,2454.537842,2552.347168,31952904125
2025-05-22,2552.766846,2691.102295,2546.434814,2664.156982,26596978352
2025-05-23,2664.082031,2731.220703,2504.873535,2526.441895,30536501878
2025-05-24,2526.387939,2575.131348,2516.018066,2530.64624,11380899856
2025-05-25,2530.890137,2553.869141,2467.880127,2551.763916,14556431364
2025-05-26,2551.380859,2598.56665,2530.321533,2564.138428,14936610009
2025-05-27,2564.140869,2712.285156,2512.588623,2663.069824,26264200536
2025-05-28,2663.010254,2688.742188,2611.160889,2682.212891,19087366068
2025-05-29,2681.843262,2784.752441,2620.982666,2632.654785,27567479811
2025-05-30,2632.835938,2648.260742,2510.163818,2529.943604,24599403943
2025-05-31,2529.833984,2550.483643,2484.215576,2529.087402,13992843765
2025-06-01,2529.09668,2547.772949,2472.540771,2536.266357,13287852482
2025-06-02,2536.184814,2615.515625,2477.292725,2607.097412,16744168824
2025-06-03,2607.19751,2652.418701,2582.250488,2593.280273,18291179016
2025-06-04,2593.482666,2677.970459,2585.737793,2608.643066,18621211035
2025-06-05,2608.607178,2640.604004,2395.753662,2416.285645,26194462737
2025-06-06,2416.455078,2530.391846,2387.608643,2477.194824,19407449565
2025-06-07,2477.18335,2543.048828,2459.137207,2526.505371,11664303387
2025-06-08,2526.193359,2547.467041,2493.920166,2510.787109,12097170203
2025-06-09,2510.838135,2693.806641,2479.86792,2681.51709,20605172560
2025-06-10,2681.2854,2824.808105,2658.677246,2813.517578,35555755055
2025-06-11,2813.739746,2877.629395,2746.459961,2773.529297,30705408054
2025-06-12,2773.5979,2784.262695,2619.966553,2651.795166,25924959613
2025-06-13,2651.915527,2651.915527,2443.962646,2579.486084,37986747138
2025-06-14,2579.721436,2580.158203,2491.490723,2533.444092,14285000473
2025-06-15,2533.18335,2558.677734,2493.20459,2546.837158,13961893828
2025-06-16,2547.226807,2680.087646,2517.145264,2540.60498,22792449577
2025-06-17,2540.314453,2617.901367,2456.648926,2510.761475,25653232897
2025-06-18,2510.816895,2546.627441,2469.050293,2524.301514,19873957905
2025-06-19,2524.404053,2546.769531,2486.101807,2521.653564,12782730709
2025-06-20,2521.526367,2569.014648,2371.474365,2407.304199,22592586688
2025-06-21,2407.347656,2448.411621,2222.8125,2300.495605,16108791762
2025-06-22,2298.842773,2313.853027,2116.681396,2228.213135,28458151601
2025-06-23,2228.484619,2434.239746,2191.418213,2421.824951,26247439429
2025-06-24,2421.830566,2481.2229,2379.569336,2448.008789,19539047009
2025-06-25,2448.737305,2468.677979,2394.607422,2419.310303,17158118625
2025-06-26,2419.154785,2519.619873,2399.533936,2416.146729,18300413888
2025-06-27,2416.023193,2463.154785,2386.324951,2423.866943,15309834970
2025-06-28,2423.925293,2448.19165,2407.761719,2437.109375,8273074809
2025-06-29,2437.114746,2523.320557,2417.625244,2500.959961,12500580479
2025-06-30,2500.605469,2521.720459,2438.054932,2486.464355,16859727663
2025-07-01,2486.428467,2500.591797,2389.815918,2405.792725,15025451796
2025-07-02,2405.857422,2616.783691,2378.393555,2571.335449,22792512025
2025-07-03,2570.796631,2635.192139,2558.58252,2591.007324,20873559425
2025-07-04,2590.845703,2601.119629,2475.754883,2508.518311,17222740209
2025-07-05,2508.095947,2529.842285,2489.002441,2517.280029,9289382302
2025-07-06,2517.280029,2603.064697,2505.37085,2571.236572,13190436110
2025-07-07,2571.395264,2589.324951,2517.903564,2543.013184,18440266947
2025-07-08,2542.972656,2626.664551,2525.437744,2615.505859,17537487206
2025-07-09,2615.505859,2794.518555,2591.947021,2770.777588,27229452849
2025-07-10,2770.737305,2995.1521,2757.266602,2954.845215,33929201261
2025-07-11,2954.832764,3038.141113,2916.956543,2957.88623,36226558863
2025-07-12,2958.33374,2979.780029,2907.193604,2942.911621,16317198254
2025-07-13,2942.853516,3016.393555,2938.736572,2973.358887,17361753131
2025-07-14,2973.225098,3079.985596,2965.32373,3013.35083,36349290556
2025-07-15,3013.293457,3142.427246,2934.371338,3139.889648,39013656112
2025-07-16,3139.889648,3422.603027,3102.477783,3371.506836,46771354461
2025-07-17,3371.506836,3521.685303,3315.999023,3476.784424,47532846793
2025-07-18,3476.124023,3674.855225,3463.38623,3549.016357,59198465810
2025-07-19,3548.926025,3608.275635,3512.973145,3595.273682,26031719746
2025-07-20,3595.240479,3819.398682,3582.349609,3759.471436,44600451066
2025-07-21,3758.920654,3856.76709,3705.35376,3763.371338,42611467663
2025-07-22,3762.88208,3798.100342,3624.140381,3749.145508,45248868820
2025-07-23,3749.238525,3765.026367,3532.856445,3629.703613,41283228953
2025-07-24,3629.731689,3771.381592,3514.999268,3708.005615,40377960354
2025-07-25,3708.005615,3744.820068,3579.962891,3727.266846,42264509577
2025-07-26,3727.237305,3789.789795,3702.77417,3741.395996,24635287361
2025-07-27,3741.257324,3876.933594,3733.681641,3875.246582,28897450394
2025-07-28,3875.255859,3940.6521,3756.515869,3787.425781,35831336149
2025-07-29,3788.31958,3883.997803,3716.883301,3793.454834,35540435995
2025-07-30,3793.58252,3832.884033,3683.144531,3808.20166,34392494235
2025-07-31,3808.246094,3877.470215,3685.00415,3696.707764,32839839444
2025-08-01,3696.144287,3722.585693,3432.379883,3488.365967,46261558200
2025-08-02,3487.956787,3535.558838,3370.943115,3392.741211,30165065282
2025-08-03,3392.744385,3520.831299,3357.938965,3497.37915,19363593865
2025-08-04,3497.613037,3734.977539,3491.554932,3718.986084,30905749658
2025-08-05,3719.817871,3720.656494,3547.621094,3611.899414,32778742296
2025-08-06,3612.038818,3698.124756,3567.095947,3683.920654,26924415763
2025-08-07,3684.062012,3926.204346,3650.365967,3914.325928,38627826066
2025-08-08,3914.110596,4068.847656,3882.443115,4009.848877,45460293892
2025-08-09,4009.150635,4323.76123,4007.709229,4263.599121,45279715746
2025-08-10,4263.552734,4332.210449,4163.94043,4254.217773,36173931367
2025-08-11,4254.231445,4362.092773,4168.875,4226.966797,49989853803
2025-08-12,4227.207031,4634.055176,4222.362305,4590.924805,57237189036
2025-08-13,4590.657715,4784.668945,4566.23877,4756.275879,62550014642
2025-08-14,4756.043457,4788.551758,4461.281738,4548.166504,75681632806
2025-08-15,4549.075684,4667.72998,4375.54541,4439.98877,55445715824
2025-08-16,4439.998047,4493.149414,4379.164551,4426.180176,26816931514
2025-08-17,4426.259766,4575.876465,4400.713379,4473.271484,31348101438
2025-08-18,4473.330566,4484.009766,4229.379883,4312.504883,53518423360
2025-08-19,4312.530273,4355.075195,4070.5354,4073.464111,50440367102
2025-08-20,4073.168213,4376.789551,4064.965088,4334.500488,49577862965
2025-08-21,4334.567383,4338.826172,4205.776855,4223.209961,33618359942
2025-08-22,4223.730957,4884.228027,4209.472168,4831.348633,75965521535
2025-08-23,4831.088379,4831.61084,4669.725098,4776.090332,36503623278
2025-08-24,4776.70459,4953.73291,4714.472656,4779.647461,52405003873
2025-08-25,4779.769531,4796.350098,4343.947266,4372.987793,63936163545
2025-08-26,4372.880371,4632.073242,4316.300781,4600.426758,53829747706
2025-08-27,4600.510254,4659.987305,4489.297852,4503.393066,43509902322
2025-08-28,4503.631348,4629.03125,4435.109375,4507.177734,36045274078
2025-08-29,4507.631348,4513.859375,4272.459473,4360.152832,46899991962
2025-08-30,4360.088867,4413.274902,4264.195313,4374.15332,25883112278
2025-08-31,4374.893555,4497.176758,4373.59668,4390.019043,26683044984
2025-09-01,4389.625977,4490.34668,4221.247559,4314.470215,37530746508
2025-09-02,4314.391113,4414.934082,4260.459473,4325.365723,39884692334
2025-09-03,4324.696289,4489.19873,4286.206055,4450.38916,35260873497
2025-09-04,4450.21582,4483.451172,4268.588867,4298.744141,34919798552
2025-09-05,4298.836914,4484.361328,4258.049805,4306.98877,44163736676
2025-09-06,4306.973145,4327.439941,4244.754883,4274.242188,18108246446
2025-09-07,4274.166992,4334.274414,4271.53418,4305.347656,17426783536
2025-09-08,4305.381348,4381.274902,4279.972168,4308.072266,32277142378
2025-09-09,4308.283203,4381.226563,4277.853027,4309.041504,30703320925
2025-09-10,4309.091797,4450.417969,4286.0625,4349.145996,39521365146
2025-09-11,4349.200195,4471.69873,4339.716797,4461.233398,35959212991
2025-09-12,4461.479492,4734.273926,4453.284668,4715.246094,43839753626
2025-09-13,4714.703613,4763.361328,4609.125488,4668.179688,34843845977
2025-09-14,4668.171387,4690.64209,4581.847168,4609.597656,28394160275
2025-09-15,4609.723145,4670.530273,4469.861328,4526.820313,40224062009
2025-09-16,4526.078125,4537.599609,4428.330078,4503.564453,32761501436
2025-09-17,4503.635742,4617.234863,4429.644531,4592.733398,44120899417
2025-09-18,4592.442871,4643.972656,4556.27002,4589.918945,33497259158
2025-09-19,4589.505859,4620.792969,4443.264648,4470.916992,30352619653
2025-09-20,4470.978516,4509.812012,4459.15918,4482.265625,18056494322
2025-09-21,4482.583984,4499.38916,4447.119141,4451.329102,19330306133
2025-09-22,4451.580566,4457.08252,4092.396729,4202.877441,58221334533
2025-09-23,4203.021484,4227.731445,4120.81543,4165.503906,32460075911
2025-09-24,4165.412598,4206.901855,4081.347656,4153.469238,33538388785
2025-09-25,4153.520996,4162.0625,3829.010742,3868.333984,68963092031
2025-09-26,3868.690918,4069.168701,3868.433594,4035.887939,47873508328
2025-09-27,4035.914551,4038.45166,3975.758057,4018.658203,20382555776
2025-09-28,4018.659668,4143.003906,3969.792969,4141.476563,24631307054
2025-09-29,4141.356445,4234.782715,4087.927246,4217.341797,38560429932
2025-09-30,4217.055176,4238.671387,4095.443604,4145.95752,37679153330
2025-10-01,4146.033691,4351.112305,4125.541992,4351.112305,46161664723
2025-10-02,4352.240723,4517.665039,4336.526367,4487.923828,48074066058
2025-10-03,4486.93457,4591.443848,4431.479004,4514.870605,49603450230
2025-10-04,4514.90918,4519.526855,4444.012695,4489.197266,21832270764
2025-10-05,4489.053223,4616.533203,4472.138672,4515.422852,44880806324
2025-10-06,4515.300781,4736.208984,4492.870117,4687.771484,44992456374
2025-10-07,4687.709961,4755.220215,4443.571289,4451.151855,54879425294
2025-10-08,4451.10791,4556.22168,4417.768066,4527.647949,40456628235
2025-10-09,4526.960938,4531.716797,4273.55957,4369.143555,47903074596
2025-10-10,4369.06543,4395.570801,3460.222412,3843.008789,97736621123
2025-10-11,3840.960449,3882.241455,3652.790039,3750.611572,62475475938
2025-10-12,3750.946045,4195.397461,3701.478271,4164.427734,61216174681
2025-10-13,4164.049316,4292.845703,4061.224609,4245.467773,50253782420
2025-10-14,4245.372559,4265.105469,3895.973633,4125.412109,67094148347
2025-10-15,4125.361328,4213.855957,3935.161377,3987.459473,50462889453
2025-10-16,3987.148926,4079.648193,3829.654053,3894.754395,49147390731
2025-10-17,3894.377686,3950.566895,3678.620361,3832.558838,57404271888
2025-10-18,3833.009521,3927.245605,3822.266357,3890.346191,23815676385
2025-10-19,3890.583496,4029.355469,3843.772949,3984.649658,32870655221
2025-10-20,3984.696289,4084.159668,3911.726318,3980.760254,40224612563
2025-10-21,3980.740479,4109.533203,3843.227783,3876.76416,49960290350
2025-10-22,3877.363037,3890.632324,3718.077148,3808.122314,46173305673
2025-10-23,3808.084961,3930.974854,3801.241455,3856.026367,36361652714
2025-10-24,3856.033203,4002.561768,3849.724854,3934.567383,34090708715
2025-10-25,3934.48999,3967.645508,3914.640625,3953.470947,15245229017
2025-10-26,3953.437256,4177.310547,3923.192627,4157.989258,29120786315
2025-10-27,4158.010742,4250.669922,4099.569824,4120.12207,40271333201
2025-10-28,4120.274902,4173.505371,3940.834229,3982.262451,39684155177
2025-10-29,3980.759033,4036.353027,3849.538818,3903.353027,35255876156
2025-10-30,3903.32251,3948.222656,3681.909424,3804.375244,39981939289
2025-10-31,3805.082764,3900.580322,3797.669189,3847.080322,37800100395
2025-11-01,3847.171387,3906.780273,3832.634766,3874.187988,17490279524
2025-11-02,3873.894287,3914.875488,3839.997314,3911.063232,20479611654
2025-11-03,3911.747803,3912.633301,3560.263672,3602.308105,53091469560
2025-11-04,3602.040771,3652.687256,3063.086914,3292.574463,76827517773
2025-11-05,3292.148193,3479.80957,3170.513916,3425.171143,46955882330
2025-11-06,3425.361084,3454.335938,3245.281738,3312.257813,36731850433
2025-11-07,3312.029297,3471.804932,3195.896729,3435.301025,42609994022
2025-11-08,3435.147461,3482.268311,3357.713135,3400.375977,23613870398
2025-11-09,3400.098633,3616.437012,3359.717529,3582.621338,28821543888
2025-11-10,3583.444824,3656.148926,3508.98584,3568.459961,35638045619
2025-11-11,3568.472656,3644.52832,3404.861816,3415.282227,39734688531
2025-11-12,3415.795898,3586.013916,3373.71167,3413.094238,34898956623
2025-11-13,3412.994873,3561.86084,3156.030762,3232.75708,50283416669
2025-11-14,3232.295166,3252.660889,3071.970703,3103.785645,47003809463
2025-11-15,3104.230225,3227.690186,3104.230225,3166.631348,19932940649
2025-11-16,3166.793457,3244.837646,3007.072754,3092.847412,30987886524
2025-11-17,3092.94165,3218.130371,2957.30957,3024.538818,41026793235
2025-11-18,3024.414063,3167.932617,2948.329346,3122.979004,41581494270
2025-11-19,3122.645996,3122.645996,2871.228027,3023.070801,40229739844
2025-11-20,3022.885498,3057.788574,2790.5979,2831.777588,43917885207
2025-11-21,2829.264648,2880.603027,2626.871582,2765.699219,51476486049
2025-11-22,2766.090576,2795.426758,2704.502197,2767.607422,15408928941
2025-11-23,2767.594971,2856.446533,2767.4729,2801.676025,20358404499
2025-11-24,2801.204346,2982.822021,2763.37793,2952.713379,32491657389
2025-11-25,2952.584473,2978.704346,2857.835938,2957.936279,23336017779
2025-11-26,2958.32959,3043.927002,2889.890625,3027.812012,21433162961
2025-11-27,3027.799072,3070.731934,2987.197754,3014.542236,16972780500
2025-11-28,3014.543701,3095.033203,2995.765137,3032.304443,20659958964
2025-11-29,3032.29541,3051.962891,2966.85083,2991.685303,12775481230
2025-11-30,2991.375244,3051.5979,2978.826172,2992.112549,11530446514
2025-12-01,2991.923096,2996.881836,2720.436523,2800.188965,36679598313
2025-12-02,2800.223145,3032.76123,2784.390625,2997.939697,26593645111
2025-12-03,2997.801514,3212.559814,2988.14209,3191.571777,29949301036
2025-12-04,3188.343506,3238.55542,3071.310059,3134.316406,27434991113
